credit_amount,loan_annuity,age_days,employed_days,phone_change,registration_days,default
123681.6,4002.75,10709,1534,700,177,1
89112.6,3788.55,18313,6435,978,9320,0
117409.05,4987.35,17205,2656,1346,2916,1
25470.0,1714.95,8993,333,1029,8962,0
176211.0,4858.65,13310,2736,2343,2305,1
90450.0,2657.7,9475,1323,186,4909,1
39150.0,4659.3,11093,1473,172,676,0
47376.0,5102.1,17710,1467,335,103,1
40500.0,2025.0,10621,1661,1034,4324,0
125640.0,4052.7,13693,2287,571,5320,1
54000.0,2700.0,16416,2405,2331,6825,0
90000.0,3500.55,15825,3407,2033,2681,1
47963.7,2332.8,15606,4558,2506,6229,1
90000.0,9463.95,16098,2788,1573,56,0
26955.0,1628.55,8901,572,392,3708,0
22500.0,848.25,11934,446,666,801,0
55202.85,5472.9,17385,9075,1177,3659,0
67500.0,3375.0,14345,3560,2342,6525,0
94230.0,2604.15,8926,488,0,6524,1
71986.05,4842.9,19779,365243,597,6450,1
57683.7,1873.8,18807,1867,1070,7731,0
58762.35,6183.45,18529,1809,436,733,1
71576.55,6808.95,11778,466,770,5874,1
67500.0,8010.9,19138,1291,2324,9531,1
75519.0,3512.25,16268,363,177,2469,1
69750.0,2779.2,21893,365243,2101,2379,0
52128.0,3163.05,12180,145,1797,2381,1
17776.8,1100.25,11374,1798,1554,1591,0
45000.0,2250.0,16509,836,355,5097,0
49752.0,5371.2,13811,912,944,2955,0
27000.0,1350.0,9527,1938,733,408,0
39038.4,4112.1,15660,124,2324,8313,0
26665.2,2119.5,18516,1571,1018,535,0
9000.0,1015.2,16817,4410,2358,8544,0
77968.8,3993.75,9197,943,0,899,1
33750.0,1736.1,23350,2617,2256,9150,0
95901.75,4909.5,16346,964,0,1646,1
149448.6,4382.55,18022,2894,0,251,1
197107.2,6864.3,15295,1624,1056,9369,1
24300.0,928.8,13046,671,1757,1784,0
23985.0,2457.45,18504,2644,1307,8197,0
122301.0,4863.15,12621,570,395,670,1
34882.65,1784.7,13082,511,754,518,0
43128.0,2352.6,8734,598,488,3243,0
108000.0,4296.15,20340,2333,254,2231,1
59256.0,4021.65,10695,1095,42,55,0
47376.0,4987.8,15339,1321,3740,5112,0
103583.25,3028.5,11680,1358,2291,3471,0
29250.0,784.35,16636,477,7,3672,0
133914.6,3928.5,21762,465,1514,2269,1
88650.0,3768.75,15935,3158,676,995,1
67500.0,4510.8,19992,4951,766,343,0
197107.2,6864.3,19875,5557,302,1050,1
27627.75,1036.8,24427,365243,2,79,0
31566.6,2100.15,19071,365243,0,6490,0
128660.85,5451.3,20131,7261,851,10892,1
56250.0,3064.5,14342,3194,1682,1857,1
54504.0,3561.75,13891,865,171,167,1
143685.0,4214.25,16264,365243,509,2209,1
27000.0,1920.15,13724,944,2552,965,0
59256.0,3593.7,9927,817,491,5,1
25470.0,2493.9,24194,6637,1812,4095,0
67950.0,1999.8,21524,6669,1300,5352,1
59947.2,4749.3,15088,3074,2606,815,1
74689.65,4064.85,8221,1238,827,2767,1
80865.0,2621.7,15656,2896,2125,4773,1
45007.2,4221.0,20149,2807,2310,3793,0
47250.0,2014.65,15894,452,159,8996,1
31276.8,2288.7,14455,1720,316,7466,0
128835.0,3766.5,19852,1698,1110,8985,1
90000.0,3813.3,22870,365243,838,3500,1
41764.95,3292.65,12833,2720,143,5995,0
126773.55,3719.25,21454,365243,1084,6946,1
64008.0,3126.15,18090,2202,1250,3173,1
27000.0,1350.0,11983,2889,1696,1012,0
47700.0,4541.85,20154,365243,694,3153,0
129350.25,3569.85,15617,734,307,8086,1
54504.0,2054.7,18300,752,959,7062,0
29191.5,1900.35,12591,965,1683,422,0
85950.0,3045.15,10065,1703,243,408,1
49500.0,3176.55,15234,1067,744,893,0
60147.0,3070.8,9360,2129,1470,4174,0
118012.95,3463.65,11823,3856,319,5818,1
54504.0,2553.75,18662,331,1343,12619,1
54504.0,2664.0,10852,3116,1195,4892,1
130500.0,4687.2,18662,453,1509,1216,1
148365.0,6299.1,7814,394,142,7814,1
38037.15,4527.0,10827,3307,1895,3571,0
69446.7,3643.65,19340,365243,211,2659,0
90000.0,4608.45,17313,1881,0,2987,1
112500.0,4766.4,14451,183,1475,92,1
102396.6,2993.85,13187,1233,0,6950,1
52128.0,4046.85,12651,1652,1675,6747,0
59256.0,3115.35,12587,2226,13,4091,0
79083.0,5767.65,12555,2769,2040,4099,1
112500.0,3289.5,13387,1126,1944,4110,1
12150.0,1257.75,15590,3018,818,9680,0
50960.25,2257.65,14749,1332,831,4633,1
80865.0,2146.05,13327,606,1756,6170,1
54449.1,2122.65,11442,622,372,5752,1
20376.0,2430.9,13661,1413,0,3818,0
80865.0,2146.05,9707,800,444,2029,0
67500.0,4495.95,12572,780,518,1034,0
67500.0,3459.6,16699,1835,1008,3198,1
45000.0,3020.4,10747,215,0,484,0
38984.4,2003.4,16965,993,2190,6066,0
27000.0,1350.0,18391,10268,791,12355,0
55527.3,1526.85,11682,2423,1892,1175,0
27796.95,1608.75,13512,354,1816,2251,0
100692.0,4549.95,18753,3695,1501,6276,0
22500.0,1125.0,18801,6256,2481,9799,0
54449.1,1769.4,14364,1137,2148,34,1
82482.3,2424.15,20486,823,2261,7793,1
166141.8,4581.9,12020,4596,1328,3581,1
31410.0,1209.15,18429,2042,508,7182,0
48564.0,3826.35,21659,3857,209,3673,0
103468.05,3432.6,11610,1031,2085,2831,1
18000.0,900.0,10176,586,184,1049,0
18000.0,900.0,9365,764,475,3156,0
54449.1,1769.4,10651,1719,1593,4432,1
67500.0,2973.15,23044,365243,0,10019,1
90000.0,4895.55,11268,1741,1294,5121,1
104256.0,4057.2,14479,6980,1587,8559,1
21893.85,2488.95,14827,7262,1384,5000,0
45000.0,2250.0,18260,3831,756,9536,0
67500.0,3446.55,12593,1491,903,6640,1
45450.0,1925.55,17379,3037,1205,3293,0
43974.0,2258.1,14084,3246,543,3342,0
51085.35,3100.05,18223,1664,817,813,1
31405.5,1241.55,18955,2736,461,8669,0
112500.0,3730.95,11068,260,0,538,1
45000.0,2201.85,10803,1456,1611,2702,1
45000.0,2719.35,15350,1503,523,1147,0
45000.0,2454.3,11876,1201,275,455,0
47376.0,4974.75,21731,1057,765,2312,0
86795.1,2550.6,20441,11719,2097,3182,1
83560.5,2456.1,21439,365243,1875,1315,1
84150.0,3273.75,12326,1383,2377,6393,1
79083.0,5767.65,12855,1610,1602,6254,1
48547.35,5774.4,10454,959,528,6774,1
72000.0,2118.15,20702,2020,317,3218,1
36000.0,2300.4,15699,2770,8,81,0
112500.0,4779.45,10374,2690,805,876,1
55202.85,5472.9,17385,9075,1177,3659,0
92439.45,3068.1,18739,3450,2433,6411,1
54504.0,3056.4,21639,365243,1634,11660,0
79929.9,4094.1,13567,1175,793,2911,0
67500.0,3260.25,8336,1258,638,2825,1
49752.0,5292.0,16880,1848,805,3699,0
47849.85,5691.6,16354,739,820,6649,0
201384.0,5550.75,18294,2979,0,1177,1
45000.0,4738.5,9901,2547,1866,2679,0
80865.0,2621.7,14249,1616,1838,8379,0
100692.0,5154.3,15947,2039,2235,5137,1
36000.0,2188.35,15975,5089,2454,6775,0
18217.8,1113.75,22606,365243,1000,1176,0
26955.0,1141.65,21601,365243,2938,12203,0
59256.0,3038.4,11628,951,1650,5827,1
45000.0,4846.5,15821,1827,1160,1573,0
60544.8,4698.45,16349,3064,2764,171,1
32346.0,2515.95,13394,3839,1760,6514,0
21163.05,1595.25,13946,763,0,5880,0
26955.0,2485.35,12154,181,1587,450,0
82482.3,2424.6,14223,1078,834,5147,1
130381.2,3598.2,15982,2265,1690,8183,1
54406.8,2659.05,13189,329,314,3846,1
201384.0,5888.25,12350,1598,1329,1424,1
63000.0,3043.8,19793,1422,515,7772,1
20250.0,1012.5,22716,365243,3666,619,0
47700.0,2435.4,22273,2887,789,1066,1
128835.0,3780.0,13907,3885,0,248,1
54000.0,2700.0,21488,8083,1519,15563,0
131211.0,5572.35,18406,2260,1340,6018,1
64008.0,3126.15,15295,212,875,1515,1
45000.0,5353.65,12101,3133,2751,6226,0
94275.9,4826.7,12615,1156,0,3857,1
23850.0,984.15,12208,1072,1046,6019,0
52128.0,3163.05,14776,2212,0,8738,1
45000.0,2201.85,10375,1647,0,3378,0
64692.0,2099.7,17758,365243,1105,4328,1
150681.6,4992.75,19085,2272,2425,11213,1
39109.05,2376.0,10457,1010,491,100,0
52128.0,2520.9,19093,2330,18,7980,1
45000.0,3287.7,12591,2309,1968,5231,1
53170.65,2727.9,21859,1117,893,8780,0
45450.0,1466.1,14778,284,1203,8851,0
154602.0,5000.4,19942,486,1986,429,1
121500.0,4317.75,20195,900,2545,2790,1
107820.0,3833.1,19637,9858,1718,12312,1
54504.0,2553.75,23143,365243,414,2378,1
32338.8,2118.6,11065,280,14,10178,0
24259.5,1081.35,23366,365243,1466,11987,0
61195.05,4847.85,12915,1905,1217,311,1
21372.3,2244.15,14111,528,662,8188,0
16810.2,1107.45,13612,5286,1568,1303,0
45000.0,2250.0,17900,7615,0,5901,0
65961.0,2140.65,18640,7369,787,9745,1
25470.0,1435.05,24242,365243,923,480,0
26064.0,2749.95,16823,1819,339,7626,0
51244.65,4061.7,15383,322,639,1196,1
75519.0,3199.5,22755,365243,190,2925,1
27000.0,1350.0,13736,2270,1833,5413,0
31717.8,2556.0,22772,365243,2285,295,0
13500.0,1417.5,11214,1177,640,3454,0
50021.1,2806.2,20080,365243,1797,9386,0
28670.4,2311.65,18968,3715,2662,12144,0
90000.0,3826.35,13225,398,940,2450,1
71285.85,3429.45,9613,284,720,9536,1
100692.0,5154.3,21530,465,1441,1079,1
51750.0,2205.45,20558,8117,1472,10657,0
63448.2,2471.4,15762,446,3026,7227,1
33333.75,3513.15,10529,2407,0,1955,0
45000.0,2201.85,18145,5243,1159,559,0
15999.3,991.8,13138,1675,730,13108,0
45000.0,3020.4,10747,215,0,484,0
54504.0,3655.35,14463,763,1160,6382,1
90000.0,2592.45,12377,266,1,1996,1
18000.0,900.0,13739,6858,255,393,0
16650.0,863.1,21501,365243,1420,9846,0
77029.2,3067.65,18814,1400,2499,2250,1
42786.9,4244.85,22348,8050,2033,10149,0
40050.0,1522.8,18991,934,1568,5250,0
72846.0,6694.2,9915,593,845,4539,0
72229.05,4045.95,21867,365243,983,1564,1
54504.0,3655.35,17991,1869,324,8385,1
47376.0,5622.3,10971,254,3290,4895,1
35553.6,1941.75,9918,805,276,4715,0
27000.0,1350.0,8225,588,775,784,0
54000.0,2757.15,14445,1390,842,4241,1
26585.1,1903.5,13420,3566,349,6867,0
132442.2,3885.3,13118,414,0,7199,1
15750.0,1570.5,18194,964,0,8657,0
58476.6,3002.85,15185,1697,0,955,1
101195.55,4300.65,19484,6798,1606,13314,1
63448.2,2059.65,23476,365243,205,1718,1
27861.3,2938.5,21600,1086,2382,7652,0
118528.2,3478.5,11535,724,350,672,1
64008.0,2997.0,20134,877,262,6626,0
156904.2,4587.75,13484,4075,850,4892,1
54000.0,2597.85,10219,673,1944,9143,0
22500.0,1125.0,20788,365243,686,3655,0
58500.0,2925.0,11851,616,1875,595,1
94230.0,3664.35,16895,629,874,4406,0
49049.55,4791.15,15993,246,0,2384,0
67500.0,2190.6,13229,1178,1280,5365,1
45000.0,3555.45,14136,352,421,43,0
27000.0,2724.75,11803,212,1829,2226,0
100692.0,4266.0,11374,932,532,578,1
37350.0,1145.25,20462,365243,193,14053,0
198000.0,5458.05,10989,2838,547,285,1
55380.6,5092.2,14239,894,702,2498,1
27000.0,1350.0,17611,1591,1305,5520,0
82482.3,2424.6,13502,4792,947,6051,1
14391.0,1720.8,11000,808,2675,799,0
75519.0,3645.9,13507,971,1103,866,1
47376.0,5026.95,11104,1462,1387,1488,1
18000.0,900.0,10006,730,371,1929,0
30146.4,1857.15,14434,24,0,1009,0
72846.0,4469.4,11271,1220,0,1456,1
86322.6,3670.2,12211,2063,1846,6186,1
34380.0,1309.05,20305,365243,1849,4546,0
75519.0,5539.95,14367,293,2427,2099,1
27000.0,1350.0,17258,1964,493,531,0
78525.0,3042.45,12906,2867,313,12863,1
100692.0,5475.15,13355,5999,1731,304,1
113076.0,4018.95,9803,2308,4,415,1
82800.0,4240.8,14698,2108,825,2133,0
23702.4,1885.5,19011,3055,1726,7132,0
45000.0,4788.0,8686,1094,293,1424,0
47376.0,4511.25,16646,8014,2134,7535,1
48564.0,4154.4,9948,189,713,1262,1
129350.25,3794.85,19396,2373,1058,5446,1
36000.0,1764.0,11776,2601,899,698,0
102474.0,5232.15,20282,11887,0,1613,1
79755.75,3116.7,16878,398,1193,5784,1
97371.0,2859.75,13604,194,1442,2671,1
34826.4,1999.35,16122,257,1590,8309,0
47970.0,5706.0,12309,1845,1771,3585,0
49588.2,3930.75,10417,1662,382,4981,1
36000.0,2619.45,14873,988,2423,4104,0
55700.55,2529.9,11250,1150,2558,629,1
54449.1,2122.65,11442,622,372,5752,1
33192.0,1813.5,20247,8628,2077,8941,0
80865.0,2377.35,12706,385,1939,29,1
109935.0,3227.4,16813,857,797,7180,1
27363.6,2960.1,9911,989,595,4638,0
27000.0,1437.75,12725,5999,12,4545,0
112344.3,3297.6,15146,219,1219,7575,1
45000.0,3200.4,19590,2716,326,5687,0
24750.0,1237.5,17511,3832,2546,4846,0
73350.0,2144.7,20940,4646,891,6767,1
72979.2,3080.7,17870,666,0,2921,1
115951.5,3403.35,14687,2336,1939,7437,1
54504.0,2650.95,14290,994,1430,2427,1
22500.0,1055.7,16889,2539,1685,6943,0
26955.0,2485.35,12532,1082,217,3516,0
50940.0,3404.25,15657,1108,916,9576,0
59256.0,3115.35,19217,4494,1101,222,1
67500.0,3674.7,14301,2706,0,3685,1
64008.0,3126.15,19396,868,12,5215,0
22500.0,2799.45,11785,3340,818,1422,0
15750.0,787.5,22527,365243,1680,3234,0
49752.0,5358.15,13660,2594,1757,3729,1
51856.2,2494.8,14294,4152,685,4165,1
67500.0,3769.2,18761,3770,752,9133,0
54373.5,2776.05,18959,2730,2135,5072,1
49053.6,3567.6,8917,736,1526,271,1
94230.0,2604.15,12377,324,2922,2085,1
90000.0,4500.0,20669,12087,277,9979,0
30846.15,3063.6,20848,6311,2128,1291,0
54504.0,3655.35,16211,1227,735,10341,1
57340.8,2927.7,16100,4939,2794,5212,1
81756.0,2949.3,16722,2520,1713,3943,1
37800.0,1930.05,14534,7213,1128,6045,0
176211.0,4845.6,12457,4283,473,736,1
24561.9,1194.3,20557,416,3070,1958,0
54504.0,2664.0,10897,464,1739,5134,1
93005.55,4761.9,8328,146,822,8300,1
225000.0,5948.55,16610,6462,4,2569,1
102600.0,4068.9,19974,3144,315,6293,1
45000.0,2454.3,16953,3358,1736,657,0
55098.0,4022.1,10933,352,903,5474,1
22500.0,1234.35,8991,1327,1310,2317,0
44678.7,3582.0,10805,1037,1993,4640,0
25470.0,1475.1,20292,948,1490,9913,0
34337.7,2307.6,9543,360,77,9350,0
56700.0,4492.8,10318,960,1001,5165,1
45000.0,2250.0,16029,1350,738,3433,0
60415.2,2572.65,19011,3414,1556,7439,1
24876.0,2613.15,19343,200,2307,267,0
31276.8,1637.55,9142,2287,521,3882,0
27000.0,1350.0,16897,2016,237,1343,0
111384.0,4732.2,17181,2045,3319,8827,1
45000.0,2250.0,8612,1774,225,3328,0
22500.0,1125.0,16745,1895,270,134,0
82482.3,2411.55,16330,1141,0,9109,1
27000.0,1350.0,17711,6565,1921,4989,0
72000.0,3063.6,18408,5838,661,5270,0
84874.5,4617.45,16370,1845,842,6574,1
55380.6,2677.05,21224,365243,548,958,1
80865.0,3146.4,18884,325,249,8262,1
22500.0,1637.1,10467,463,243,5188,0
100692.0,4266.0,20897,3585,1081,5260,1
27000.0,1350.0,13827,1038,726,889,0
94230.0,2767.95,16277,4440,2753,8610,0
100776.15,3851.55,17308,198,3,3940,1
107820.0,3833.1,14396,1934,422,846,0
100692.0,4266.0,12171,742,4,6314,1
62811.45,2268.9,18026,3732,220,8153,1
45000.0,2250.0,21437,3714,2513,9048,0
13500.0,787.95,21042,1397,726,237,0
9000.0,889.65,13443,6216,1015,7277,0
61200.0,4453.2,11411,1028,368,2394,1
45000.0,2188.8,14133,1371,893,3060,1
45000.0,2201.85,16739,2236,2248,1000,0
30146.4,808.2,12883,118,347,1035,0
115951.5,3058.65,13407,217,2,1046,1
78192.0,4378.95,15126,2018,0,1120,1
78192.0,4254.75,12552,682,517,5989,1
67500.0,4911.75,18913,4727,1685,9248,1
78192.0,6190.65,16619,1523,435,2239,0
24727.5,1926.45,10584,479,1292,3947,0
27000.0,1350.0,13703,1399,421,461,0
29977.2,1733.85,13234,3111,709,772,0
47250.0,2425.5,16643,6532,1974,10768,0
48590.1,2153.25,22171,188,543,311,0
93803.4,3038.85,19746,365243,340,979,1
62162.1,6382.8,13903,1527,1603,104,0
104256.0,3458.7,17851,1618,0,352,1
7641.0,768.6,16031,2038,3337,4845,0
154602.0,4520.25,16716,4478,454,3125,1
100692.0,4266.0,21749,365243,1677,10432,1
48797.1,5137.2,10690,603,1860,5532,0
75519.0,3339.45,17375,1083,482,1468,1
56605.5,2206.35,22096,1832,1789,10343,1
56700.0,2231.55,12629,214,1,2559,1
27004.5,2908.35,19495,5547,2667,6503,0
63000.0,4977.45,9249,169,544,3876,1
45000.0,2732.4,20651,2275,1659,5148,1
54504.0,2553.75,16951,1437,483,2394,1
59301.0,1926.0,13330,5332,0,9431,1
22500.0,1389.6,24312,365243,1513,2141,0
51750.0,2205.45,22243,1036,137,2278,0
126258.3,3343.5,17875,10343,5,6437,1
176211.0,4648.05,13919,1996,343,1935,1
24727.5,1995.3,9879,536,426,4115,0
67500.0,3375.0,23364,2797,817,10850,0
103321.35,8176.05,10826,2765,998,4718,1
23941.8,1891.35,9457,2173,371,4208,0
73557.9,3551.85,14909,2521,358,1446,1
90000.0,4067.1,14828,2630,683,4518,1
46328.4,3109.05,12298,1576,0,6300,1
30781.8,1368.9,15777,5884,1647,2591,0
35427.6,2033.55,17874,5401,1465,11161,0
31500.0,3562.65,9834,2479,641,4641,0
9950.4,1044.45,11570,1048,238,1246,0
50849.55,2446.2,15645,2274,703,15517,1
131211.0,5572.35,15642,6684,1042,3307,1
33750.0,1623.6,22811,365243,2783,4884,0
18000.0,900.0,7838,239,256,7445,0
80865.0,2621.7,17443,5644,1840,2609,0
44776.8,4764.15,13890,3597,0,7863,0
31067.1,2467.35,9118,2134,120,3185,0
27000.0,1350.0,10605,3314,1076,4235,0
19800.0,2362.5,17684,401,19,5092,0
67500.0,3459.6,8791,88,719,1102,1
74628.0,5909.4,15187,2537,1884,297,1
47384.1,2733.3,15364,448,326,2354,0
112500.0,3730.95,11598,3333,0,897,1
56387.7,2892.15,19668,3107,619,6540,1
24635.7,2586.6,17114,1668,541,1532,0
52128.0,3163.05,12521,368,1320,1814,0
53910.0,2937.6,10361,472,0,4047,1
47376.0,5040.0,14336,409,1436,2829,0
22500.0,1125.0,15358,5269,1707,3570,0
104974.65,3482.1,20902,12659,393,8591,1
28887.3,2106.45,19070,2457,590,1095,0
26955.0,1389.15,12329,2384,237,6388,0
53910.0,2937.6,13569,571,926,7629,0
75150.0,3837.15,14387,1311,1134,1401,1
32702.4,1738.8,12933,899,193,6842,0
47250.0,4603.05,19455,1996,3361,5000,0
83538.0,4032.0,15637,365243,1538,1008,1
9000.0,621.9,12322,3424,605,6212,0
45000.0,2719.35,11481,2524,1789,3190,1
90000.0,3826.35,11790,602,241,4415,1
67500.0,2190.6,19558,823,0,110,1
66170.25,4828.05,9088,2026,840,3750,1
59911.65,2895.3,15819,387,329,8449,1
71285.85,3429.45,9613,284,720,9536,1
23985.0,2336.4,24653,365243,0,5774,0
101929.95,4331.7,12565,4986,1916,6615,1
104256.0,5834.7,13822,1017,850,115,1
42750.0,2137.5,10714,2660,2549,4826,0
135000.0,4461.75,18757,6240,1965,6307,1
54988.2,2143.8,15795,5340,666,5196,1
90000.0,4067.1,14828,2630,683,4518,1
32346.0,2789.1,9775,1174,643,4541,0
18000.0,900.0,13400,212,580,7364,0
64008.0,2997.0,8965,757,1261,3834,1
13500.0,1432.35,15989,900,651,4668,0
63000.0,3430.8,15315,1259,796,1566,0
45000.0,2201.85,11163,2706,460,2471,1
22950.0,2602.35,15309,1976,1222,7884,0
94230.0,3474.9,8876,1230,18,8876,1
45000.0,2250.0,19538,2443,265,13619,0
36435.6,1617.75,16830,3986,1726,6385,0
81000.0,2381.4,13509,386,1828,2378,1
4950.0,545.85,13823,2140,383,3872,0
72846.0,5755.5,20101,1906,230,1490,1
44776.8,3005.1,13264,471,174,196,0
52128.0,2840.85,15014,3173,654,5522,1
67500.0,5332.95,14545,637,3274,8689,0
83538.0,4032.0,16430,806,1944,112,1
48006.0,2250.9,13250,923,1284,377,1
64008.0,2997.0,17749,2739,1023,1311,1
26865.9,2551.05,14094,7477,1,7958,0
122301.0,5181.75,19571,144,413,670,1
83538.0,3552.3,16024,2618,0,365,1
52649.1,3148.2,12536,3587,1761,6624,0
41702.4,1836.9,15154,2006,3422,462,0
54000.0,2700.0,19130,11416,3008,12227,0
29432.25,1507.95,21727,3051,4,8788,0
67950.0,6464.7,21147,12458,1587,9871,1
72000.0,3600.0,18897,4630,1624,410,0
26064.0,2683.8,10657,2779,187,5274,0
18868.5,976.05,18430,7222,1183,372,0
18000.0,900.0,15208,6088,1279,739,0
55848.6,5735.7,12020,2636,1650,2164,0
25470.0,2025.0,10562,2234,348,4481,0
59256.0,3227.4,16704,3606,147,1646,0
33750.0,1687.5,17359,1895,1057,5747,0
11992.5,1304.55,16214,1674,1,4688,0
82958.4,2992.5,20823,3845,764,7334,1
197107.2,6201.9,14463,2746,783,8608,1
38109.6,3024.0,9149,893,506,279,0
47376.0,4698.9,10153,3261,1589,10091,0
51010.2,3960.45,22604,365243,100,963,0
49050.0,4791.15,18098,3438,494,4611,0
83297.7,4266.0,18285,2272,744,823,1
107820.0,2978.1,20619,1577,4,12515,1
133988.4,3930.75,10612,2020,1882,605,1
31343.85,2040.75,23736,7948,0,1827,0
42750.0,2904.75,17667,5406,811,3114,0
90000.0,3515.85,18719,138,877,36,1
83538.0,4032.0,18474,5422,826,8468,1
48149.55,3600.0,17059,1370,2481,8968,0
23898.15,1309.5,15724,1027,0,4846,0
70173.0,6675.75,19523,4160,969,4857,0
22500.0,1790.55,11132,1365,415,1062,0
60415.2,3097.8,16324,142,2913,2947,1
7819.2,855.0,12601,637,0,2327,0
75384.0,2934.0,16167,960,734,1805,1
49103.1,3294.45,19910,1486,3227,1373,0
63000.0,3150.0,19203,365243,1210,6,0
27000.0,1350.0,15062,2827,1997,4303,0
82482.3,2673.9,17981,2320,1338,1683,1
63000.0,3150.0,19849,1677,102,2270,0
54504.0,2664.0,14306,75,8,8094,1
17100.0,657.45,15330,365243,0,2784,0
225000.0,9177.3,13014,603,492,490,1
72846.0,5853.6,10837,588,294,5011,0
31410.0,1176.75,11018,2707,417,1046,0
87601.95,3711.6,10072,841,847,10072,1
51244.65,4061.7,15256,413,313,1338,1
80913.6,4402.35,12659,1669,1471,3048,1
80865.0,3146.4,14615,220,756,1224,1
18000.0,900.0,12116,4752,0,6136,0
76387.05,3913.2,14614,563,2223,5034,1
147902.4,4080.15,22782,365243,962,11927,1
38250.0,2655.45,15873,2442,2463,3058,0
112500.0,4169.25,16155,1813,1611,8809,0
45000.0,1629.45,23792,365243,1198,6113,0
111384.0,4371.3,13267,1176,2,1766,1
51778.8,2531.25,10175,511,0,1831,1
75519.0,3645.9,11570,4426,1315,4969,1
90000.0,4500.0,11957,1693,316,1682,0
25253.1,1809.0,10669,1529,1455,4547,0
52128.0,3163.05,13353,1820,1559,600,1
80865.0,2983.95,17073,1991,1386,5598,1
106632.0,3843.0,17958,655,2569,10561,1
45000.0,4624.2,19617,9819,1613,4140,0
131411.7,3854.7,22853,365243,1371,11859,1
64008.0,3126.15,18757,619,0,11361,0
55255.5,3010.5,14293,7559,932,1134,0
40500.0,1900.8,17030,7909,255,288,0
28440.0,2259.9,14578,109,413,5645,0
54988.2,1463.4,15936,276,305,5248,0
90000.0,4500.0,20010,1598,352,8582,0
64008.0,2997.0,10337,857,0,1053,1
143685.0,4214.25,8322,713,635,2557,1
98641.8,5036.4,16166,2720,437,2959,1
22050.0,2493.45,15149,880,540,677,0
22500.0,2423.25,19066,758,1171,2295,0
38152.8,2203.2,15837,2383,3070,9657,0
100692.0,5154.3,21530,465,1441,1079,1
49053.6,2398.95,12265,928,2948,1695,1
40833.0,2227.95,12130,377,745,2628,0
31500.0,1531.8,11473,2393,2182,2684,0
82482.3,2673.9,17981,2320,1338,1683,1
13500.0,675.0,20041,1972,2404,11977,0
65160.0,3147.75,17184,970,959,2758,1
48150.0,2471.4,11376,537,0,5700,1
89832.6,3493.8,20670,3398,1098,11362,1
81000.0,2381.4,15176,410,626,3944,1
27000.0,1298.7,14235,678,2186,5916,0
33750.0,1687.5,19236,311,203,3675,0
154602.0,4264.2,22374,365243,898,9755,1
99255.6,2915.1,15921,3486,2435,3815,1
49926.15,2340.45,12203,1609,0,12195,1
27000.0,1350.0,16549,958,1081,6151,0
45000.0,1727.1,14702,3533,2045,755,0
25739.1,3067.65,16270,7610,3018,4560,0
176211.0,5165.1,12262,2997,560,1349,1
28440.0,1817.55,17574,718,399,5123,0
100287.0,3989.7,23625,1392,1254,9945,1
111384.0,6055.2,13380,1705,2417,368,1
152335.8,6299.55,14322,1550,3223,3956,1
20250.0,1012.5,14207,6293,3105,7644,0
67500.0,2190.6,13296,2928,2355,3673,1
18000.0,900.0,10026,2356,725,4445,0
67500.0,8010.9,19138,1291,2324,9531,1
19554.3,1557.9,13636,1239,2532,6843,0
27000.0,1350.0,15350,2012,284,144,0
19800.0,2041.65,21908,4757,498,10414,0
197107.2,6864.3,16830,1081,0,5180,1
55358.1,3190.95,19408,4489,1937,6631,1
85500.0,4275.0,15681,5077,754,3159,0
79216.2,4310.1,13506,797,2033,244,1
43266.15,1845.9,19728,3932,1760,9740,0
135000.0,3947.4,11611,1208,972,5960,1
90000.0,9693.0,15229,5751,916,2355,1
53330.4,3620.7,19593,2753,2560,6114,1
78036.3,3526.2,11503,913,261,4598,1
33883.2,1773.9,10399,1786,364,4437,0
54449.1,2122.65,16089,5540,2178,10231,1
35834.4,2305.35,23203,365243,1140,10384,0
84874.5,4617.45,10650,2176,2382,4500,1
125568.0,4162.95,18683,1455,623,10833,1
102463.65,3399.3,11768,2440,0,3583,1
45000.0,2110.95,10979,1764,2465,6373,1
128835.0,3780.0,20026,865,595,8329,1
176211.0,4661.1,23471,365243,1557,1981,1
18868.5,1139.85,16616,1677,576,728,0
45000.0,1616.4,17543,422,973,3575,0
36319.05,2439.9,18892,5319,2660,5687,0
113076.0,3306.15,12672,1901,437,3254,1
78192.0,3457.35,20441,365243,267,10275,1
54000.0,2700.0,22999,365243,1617,2762,0
96655.5,5409.9,16311,3509,510,8734,0
117409.05,4987.35,17205,2656,1346,2916,1
29623.95,2730.15,14099,939,673,1309,0
56880.0,1577.25,12223,2711,1069,4454,1
76022.55,3015.0,8435,482,529,3319,1
64008.0,2997.0,17107,1100,401,5177,1
25650.0,2039.4,14468,3639,428,5572,0
69851.7,2521.8,16159,1260,2186,3016,1
130500.0,4222.8,14008,828,1478,1094,1
18000.0,900.0,7988,1245,1160,2876,0
33192.0,1707.75,9161,1729,560,9024,0
27000.0,1350.0,13318,3629,943,962,0
16173.0,846.45,16014,1829,1417,522,0
45000.0,5340.6,19176,2995,168,2629,0
130381.2,3825.0,17464,2321,790,2358,1
139575.6,5026.5,21558,4115,1740,10620,1
49752.0,3618.45,11708,4687,399,6090,1
104046.3,3055.05,14277,1651,1006,8355,1
112841.55,4793.85,23422,2398,396,14935,1
35100.0,1719.9,11449,908,598,581,0
72979.2,3726.0,14289,3202,444,8189,1
100512.0,2952.0,20358,365243,461,1096,1
34128.0,2293.65,18908,2963,42,5907,0
52128.0,2840.85,14085,1267,3262,188,0
54449.1,1769.4,10651,1719,1593,4432,1
75519.0,3632.85,16418,1799,87,420,1
72243.0,2667.15,10118,188,1056,963,1
79083.0,6248.25,10152,1874,3118,1489,1
64008.0,3126.15,12240,930,93,245,1
52128.0,3539.25,13070,350,629,307,0
13500.0,675.0,14288,5563,7,8197,0
125865.0,5194.35,19244,3028,798,12364,1
72846.0,5301.0,9781,2595,1910,9581,1
47404.8,2877.3,10077,1613,500,8320,0
75519.0,3868.65,10769,1241,610,5633,0
89107.2,4562.55,16161,6573,2015,5990,1
107820.0,3165.3,15186,1396,0,5605,1
62811.45,2534.85,9515,915,693,6426,1
79781.85,4086.45,12671,570,1946,223,1
72399.6,2871.0,14917,7708,1799,9044,0
91891.8,3644.1,16888,630,945,7049,1
18000.0,900.0,7803,926,0,289,0
54504.0,2664.0,19427,2100,679,3700,1
38250.0,3003.75,10090,379,132,1554,0
67500.0,6575.85,11128,997,1103,792,1
48600.0,2649.6,15462,627,487,1909,0
22500.0,2076.75,15502,216,521,8043,0
47436.3,3816.45,14778,5537,886,3371,1
128835.0,3411.45,12540,1692,427,1715,1
39701.7,2039.85,16877,3732,0,8750,0
52128.0,3163.05,11642,1961,1470,5037,1
176211.0,4845.6,11318,1085,3043,2878,1
50940.0,4024.35,13152,380,553,605,0
16300.8,1624.95,21391,365243,1354,10244,0
57994.2,3719.25,12165,965,0,4712,1
112517.1,4780.35,13767,5252,524,660,1
74628.0,5443.65,10754,1472,831,839,1
15750.0,787.5,10342,241,97,1210,0
32840.55,2298.6,15797,7523,1107,8847,0
54504.0,2664.0,18234,295,0,205,1
122301.0,5194.8,13479,858,1210,767,1
176211.0,4858.65,12203,1399,338,6341,1
58663.35,3557.7,13495,3987,667,3347,1
54504.0,2664.0,12242,2545,449,5789,1
67950.0,2891.7,16308,4740,1941,8825,1
104256.0,3757.5,14493,568,0,2289,1
44550.0,2429.55,22413,667,1917,2379,0
122301.0,5194.8,10395,1817,0,995,1
201384.0,5537.7,17709,4352,2580,10187,1
49049.55,5039.1,11516,1483,0,1427,0
35058.15,3415.05,10128,3090,2274,857,0
41479.2,2263.05,15490,2970,985,5537,0
30630.6,1563.75,15177,1053,0,7626,0
82482.3,2424.15,20486,823,2261,7793,1
135000.0,6750.0,21796,365243,93,9604,0
59400.0,1929.15,20372,365243,422,11248,1
57714.75,3143.7,14622,2998,792,1205,1
41702.4,2533.05,9499,544,1446,143,0
107820.0,3833.1,14574,1290,28,2828,1
59256.0,4021.65,14013,552,897,3096,0
18000.0,900.0,21687,2143,620,2083,0
41479.2,2130.75,14076,2557,728,4458,0
80865.0,2621.7,15512,520,1663,3058,1
79083.0,6261.3,10877,493,0,55,0
45000.0,2250.0,20494,1599,142,8411,0
22388.4,2307.15,23100,365243,554,8340,0
34826.4,1957.5,13788,3822,1421,5694,0
107820.0,3833.1,12015,1550,406,638,1
33750.0,1687.5,19874,4489,0,105,0
18000.0,900.0,9109,207,470,8485,0
52200.0,1988.1,11453,194,324,4882,1
55255.5,3010.5,23650,365243,699,12675,1
104614.2,3071.7,18862,365243,1299,8083,1
65160.0,2883.15,19144,8647,2288,249,0
52128.0,2677.95,15158,2666,2225,1061,1
78392.7,4015.35,19829,5108,787,2347,1
125568.0,4523.4,15637,217,806,1042,1
49752.0,3618.45,12956,1478,369,5153,1
67500.0,5332.95,18886,884,655,5216,1
45000.0,3287.7,12591,2309,1968,5231,1
146761.2,6231.15,21457,205,817,3758,1
58070.7,2806.65,16189,5395,2116,8686,0
49053.6,2385.9,14209,4804,598,2292,0
21906.9,1201.5,14585,1692,1819,6374,0
75519.0,3199.5,21497,913,0,225,1
107820.0,3152.25,8688,950,525,1237,1
157500.0,4958.55,10908,800,0,5200,1
48486.15,3843.9,17059,790,1011,2421,0
177721.2,4900.05,13188,584,502,2040,1
26064.0,3092.85,19528,1614,784,3069,0
28350.0,2239.65,12035,135,642,5031,0
128835.0,3779.55,15003,7945,1320,9138,1
46328.4,2266.2,11472,395,339,5908,1
18000.0,900.0,9939,1115,315,1622,0
67500.0,2837.7,17826,1734,795,5402,1
37062.9,1815.75,11728,696,1566,1075,0
45000.0,1200.15,13046,3500,1795,7115,1
80798.4,3157.65,17718,3501,1163,10810,0
49182.3,2524.05,12843,2609,657,472,0
17550.0,674.55,15321,7238,723,8863,0
33111.0,3565.8,14778,7013,159,8553,0
54504.0,2067.75,23622,365243,2175,371,0
59256.0,3115.35,19217,4494,1101,222,1
15750.0,787.5,23202,365243,489,5568,0
42071.85,2295.45,15667,6092,726,9725,0
18000.0,900.0,10807,1469,170,1659,0
47250.0,4854.6,15540,1097,1655,10368,0
88884.0,2937.6,15976,401,7,174,1
24876.0,2548.8,22270,365243,0,9370,0
18000.0,900.0,13374,4006,373,812,0
82482.3,2424.6,17816,755,964,6229,1
54504.0,2650.95,11133,991,746,5834,0
67500.0,2190.6,18550,641,0,1286,1
45000.0,3495.6,13207,4521,2271,605,0
83538.0,4032.0,11411,1065,0,7969,1
70172.1,3388.95,17796,746,1563,3517,1
13500.0,1445.4,17884,1012,2332,3616,0
44078.4,2945.7,12049,719,178,6115,0
36000.0,2857.05,12204,179,1001,5327,0
22500.0,861.3,18091,510,723,8564,0
51778.8,1964.7,21523,5584,2040,9960,0
45000.0,4220.55,23353,365243,260,2779,0
28887.3,1050.3,17020,3473,1729,275,0
39044.7,1912.05,9617,1633,1003,7248,0
30150.0,2193.75,10879,724,1176,2156,0
94858.2,2786.4,18758,496,1650,9214,1
22500.0,880.2,17281,2223,4,4879,0
50940.0,4024.35,15315,586,298,388,1
172422.0,5054.4,11239,591,2009,1015,1
33776.1,2053.8,12676,1089,2583,5066,0
51856.2,2507.85,21391,365243,1291,8536,0
33994.8,3117.6,11829,3278,263,1242,0
90000.0,4595.4,11364,1086,1674,1312,1
27796.95,1060.65,21463,365243,479,14946,0
44776.8,3550.5,17103,5021,0,221,0
28887.3,1625.85,15656,1062,1222,5864,0
45000.0,2188.8,9881,1810,2155,7340,0
26064.0,2590.65,19870,1454,2492,4878,0
43112.25,5116.5,12939,1437,94,3501,0
49752.0,3337.65,17016,885,704,727,1
102429.0,3641.85,15394,2507,723,7446,1
201384.0,5325.3,20122,874,1008,5863,1
64008.0,2983.95,11093,1738,1182,1753,1
154602.0,4264.2,21415,1227,0,11386,1
22500.0,1790.55,12980,94,802,7084,0
112500.0,3302.55,15939,627,260,1000,1
49752.0,5371.2,17153,3013,1969,5506,0
55700.55,2529.9,11250,1150,2558,629,1
97371.0,3154.05,16790,723,258,6237,1
27363.6,3260.25,12774,3105,2656,2149,0
94230.0,3052.8,15833,3437,39,9786,1
107820.0,3833.1,11227,3087,707,890,1
35972.55,1368.9,15470,4032,1056,381,0
31276.8,1903.05,14872,637,3328,7682,0
94230.0,3474.9,8876,1230,18,8876,1
61422.3,2615.4,19642,294,17,5843,1
41181.3,2246.85,9501,281,1295,9501,1
107820.0,3165.3,19595,4558,1666,534,1
77029.2,3946.05,11455,1115,613,365,1
18000.0,900.0,14424,440,151,8107,0
62553.6,2259.9,17967,6814,18,2456,1
67500.0,3375.0,15252,552,448,64,0
76187.25,7000.65,9583,760,811,5444,1
53420.4,3280.95,16462,3010,1010,10562,1
128835.0,3780.0,12300,1715,644,2701,1
41522.4,1189.8,11624,3399,14,3067,0
49752.0,5292.0,13057,5848,171,1008,0
198000.0,5458.05,10989,2838,547,285,1
74865.15,5927.85,9636,1462,0,272,1
26955.0,2116.35,8842,2234,1743,993,0
24750.0,1237.5,21089,365243,1552,4151,0
38250.0,1912.5,18231,3371,476,9047,0
64008.0,3113.1,11683,1241,1595,5802,0
40500.0,2025.0,20668,4257,1285,3746,0
49500.0,3614.85,10204,1136,888,4853,0
40500.0,2070.45,12929,904,2541,6488,0
90000.0,4595.4,14930,3548,124,889,1
15750.0,787.5,12840,2853,302,2423,0
22500.0,1477.8,11052,794,2414,5198,0
58500.0,3591.9,19001,1716,900,9351,1
50533.2,3280.5,12768,678,2,4372,0
100692.0,5154.3,9717,3043,0,8902,1
128835.0,3780.0,12857,5175,724,3885,1
45000.0,3621.15,10491,1458,408,4593,0
63000.0,3229.65,16660,1519,1084,34,1
34328.7,2247.75,13421,3358,990,1032,0
13500.0,745.2,15850,2449,670,6780,0
22500.0,2423.25,17448,676,271,431,0
67500.0,2066.85,19884,2699,1797,5713,1
75519.0,3645.9,11570,4426,1315,4969,1
39801.6,3682.8,11118,226,1118,5510,0
24750.0,1355.4,9841,3032,898,490,0
52449.3,5122.35,20077,3301,266,5356,1
22413.6,1770.75,8625,795,357,6496,0
27796.95,1060.65,12364,1228,1511,5950,0
51846.3,2534.85,14763,713,654,7355,1
67500.0,3451.05,10819,1117,383,762,0
36000.0,3793.05,14596,7755,2805,2335,0
102474.0,4942.8,8475,446,0,8475,1
7195.5,813.6,10019,1054,623,4,0
25470.0,2755.8,13439,5264,2575,7352,0
76387.05,3913.2,10979,448,2060,1705,1
29846.7,3380.4,14054,1576,739,7814,0
56249.1,2396.25,10791,2158,1918,506,1
18000.0,900.0,9959,257,693,3954,0
75519.0,3645.9,12098,947,0,7872,1
128835.0,3780.0,13480,1539,434,2622,1
79083.0,5754.6,14051,298,0,5071,1
112500.0,4461.75,22385,735,481,5284,1
80865.0,3133.35,20822,6556,2537,2597,1
49049.55,2751.75,17220,365243,2727,356,1
101920.5,3103.2,11356,602,14,335,1
90000.0,4500.0,16430,3092,412,3022,0
67500.0,5346.0,21310,3143,220,3419,1
41400.0,2004.75,13234,3893,846,7351,0
24750.0,1061.55,19948,1124,641,8432,0
22500.0,2063.7,8642,501,2,926,0
67967.1,3282.75,17097,657,260,5784,1
87601.95,6333.3,14543,3477,588,2152,1
23985.0,2531.7,13398,5322,1974,2379,0
49053.6,1862.1,18753,365243,1830,2554,0
58500.0,2827.35,15916,9014,608,397,1
18000.0,900.0,9387,851,0,4032,0
13500.0,675.0,15830,2781,131,5165,0
28899.45,2871.45,13767,4160,1846,7681,0
90000.0,4500.0,17270,1722,640,3143,0
27195.75,1824.3,14833,2311,1,799,0
54504.0,3655.35,19487,728,771,3418,0
85500.0,4126.05,14474,3798,543,255,1
53691.75,2596.05,15383,1520,1571,2610,0
51353.1,2634.75,22560,365243,0,856,1
47250.0,4616.1,20907,365243,2711,3100,0
49500.0,2475.0,20987,365243,839,11587,0
64008.0,3126.15,10518,739,515,8977,1
53691.75,3010.95,13462,381,1152,183,0
36658.8,2849.85,13214,1240,365,2123,0
22950.0,2434.95,12614,834,2202,2238,0
32301.45,1662.3,17435,381,0,217,0
67500.0,3459.6,14585,3632,1154,5076,1
111339.9,4730.4,20029,365243,0,10319,1
22500.0,1304.55,23778,365243,2019,10643,0
77029.2,3946.05,11455,1115,613,365,1
28670.4,2311.65,10631,1242,558,2097,0
26955.0,2326.5,8436,397,0,643,0
27106.65,1432.35,21074,1890,1082,4121,0
47970.0,5706.0,14897,3435,1387,9016,0
86795.1,2550.6,13306,3415,273,6887,1
59400.0,1715.4,21319,1810,1,3761,1
39816.0,2910.15,18035,2026,919,4132,0
27363.6,2960.1,18974,7286,1513,7206,0
78192.0,2672.55,14122,3171,2877,8136,1
40796.55,2981.7,13808,2953,2464,1763,0
38152.8,1868.4,11386,1053,1542,1361,0
49500.0,5331.15,22330,365243,2478,5335,0
129350.25,3794.4,14086,492,22,77,1
67500.0,4924.8,21430,2438,999,8966,1
27000.0,1933.2,17709,3279,2551,11806,0
45000.0,2454.3,14589,713,2658,4016,0
84874.5,4604.4,13205,739,2576,5581,1
15638.4,1223.1,21477,365243,2636,8438,0
93251.25,4774.05,9787,1674,0,435,1
22500.0,2375.55,13743,854,1155,2938,0
67500.0,3674.7,16528,792,1658,2884,1
112500.0,3289.5,14055,855,1116,3184,1
102474.0,5571.9,13832,1911,1230,2058,1
40500.0,2025.0,20395,1587,474,4598,0
38053.35,2587.05,20292,365243,0,63,0
22500.0,1125.0,23465,4836,1719,13113,0
31566.6,2543.85,13986,4564,967,7665,0
23850.0,984.15,12208,1072,1046,6019,0
77968.8,3105.0,12647,2989,1569,3659,1
78192.0,4254.75,8918,505,1622,8777,1
82350.0,2669.4,16864,877,115,178,1
97350.3,4696.2,17333,1825,168,11589,1
85588.2,3626.1,23175,926,1601,10478,1
75519.0,3855.6,11351,1973,1222,470,0
67500.0,5346.0,11391,401,1265,199,1
65181.6,2753.1,14448,1593,1455,8490,0
74628.0,5909.4,10536,126,0,9019,1
27000.0,1350.0,15318,564,433,1918,0
24161.85,2614.95,8508,219,291,339,0
128835.0,4156.2,18796,643,885,5677,1
77968.8,3763.8,12698,777,1743,5904,1
50850.0,2041.2,13768,1583,2969,7900,0
37536.75,4055.4,14914,2628,2043,8571,0
10188.0,1110.15,16419,2726,0,5298,0
129639.15,5292.9,8009,494,433,5096,1
18000.0,900.0,15187,733,56,2833,0
59256.0,3102.3,10101,855,752,4635,1
74628.0,5909.4,20715,504,520,11795,0
45000.0,3007.35,9111,848,677,9089,0
29977.2,1733.85,9904,242,639,4599,0
67500.0,5346.0,13986,1598,690,1383,1
72979.2,4087.8,13819,808,1167,7710,1
31500.0,2902.05,8244,818,267,4920,0
23985.0,2219.4,20545,7550,3355,10262,0
85950.0,3045.15,10065,1703,243,408,1
110270.25,4684.95,10245,999,1967,4181,1
104256.0,3445.65,11681,2659,1746,1327,0
167541.3,5836.5,21816,498,1811,7337,1
51856.2,2507.85,12758,978,0,503,1
67500.0,3375.0,16568,1366,53,2519,1
59256.0,4021.65,10762,1214,0,496,1
88515.45,5915.25,10840,1382,1169,4256,1
85500.0,4275.0,15610,1659,297,215,1
22500.0,1125.0,20798,518,242,4963,0
45000.0,2889.0,11814,3413,0,3753,0
54450.0,1592.1,17933,365243,1061,1409,0
128835.0,4169.25,14447,580,649,1523,1
48564.0,4167.9,18174,251,871,153,1
67950.0,1999.8,12226,3932,1246,6323,1
112707.45,3737.7,13719,615,2,7716,1
50940.0,3719.7,14704,1050,2049,3896,1
45000.0,2250.0,21452,365243,364,2226,0
109602.0,5285.7,11475,1685,0,5387,0
45000.0,2097.9,16778,5298,1547,3407,0
53234.55,2985.3,11566,1272,0,4524,1
27000.0,1350.0,16136,4172,249,8532,0
46328.4,1759.5,14419,407,0,1990,0
23985.0,2712.6,10415,567,113,678,0
81666.0,2647.35,14455,365243,97,79,1
149448.6,4382.55,16266,365243,1043,3720,1
107628.75,4454.55,16694,351,2030,6175,1
225000.0,5948.55,17699,1140,636,1876,1
85716.9,2519.1,20101,661,121,129,1
40293.9,2198.7,18133,9239,347,4101,0
41400.0,2013.3,12734,2207,0,1124,0
47700.0,4659.75,9601,733,1092,3289,0
100692.0,5154.3,19495,6096,1884,7238,1
18587.7,949.05,15717,729,616,2941,0
55098.0,4365.9,18991,1466,0,8070,1
83538.0,4278.15,12906,2784,547,6895,1
128835.0,4169.25,19050,1478,420,5707,1
72883.35,7481.25,8917,1101,0,5894,0
75519.0,3645.9,12098,947,0,7872,1
45000.0,2310.75,14811,2075,1837,2914,1
98316.0,6296.4,19211,1051,0,1024,1
100692.0,5154.3,11140,2370,0,4658,1
71550.0,2105.1,13504,721,524,1156,1
17829.0,1885.05,16721,8527,2715,6963,0
55098.0,4365.9,16852,895,234,303,1
57600.0,2245.05,14457,6012,1782,123,1
51192.0,1420.65,16091,1086,1742,1613,0
47250.0,3746.25,13595,265,699,5798,1
29628.0,2353.95,10942,412,912,927,0
94230.0,3664.35,13678,1148,2,7057,1
116097.3,3407.4,16344,1678,711,10387,1
42223.5,2223.45,11204,521,539,6,1
27000.0,1350.0,14972,1979,630,2102,0
45000.0,1616.4,19312,4790,2014,3406,0
116672.4,3424.5,19594,1008,889,1582,1
66309.3,1938.6,22854,4157,327,5400,0
26955.0,2087.55,12883,201,1753,1907,0
67500.0,5346.0,12412,4257,1134,71,1
26064.0,2236.95,11690,2327,865,10564,0
55800.0,2697.3,14374,1597,2230,5642,1
84638.7,3011.4,16087,983,407,1363,1
22500.0,1125.0,15470,444,393,1853,0
45000.0,2110.95,9409,2163,1324,7314,0
27000.0,1350.0,8944,502,219,3677,0
36000.0,2857.05,18656,3954,45,3664,0
47376.0,5115.15,12744,1234,547,2431,0
107820.0,3833.1,11084,206,2415,31,1
22414.95,1747.35,17581,3516,817,414,0
45000.0,2297.7,13333,6270,364,492,0
45450.0,2320.65,15752,4490,1736,3164,1
50400.0,3320.55,7778,1173,63,2661,0
48564.0,4454.1,8776,704,298,698,0
59256.0,3038.4,12596,1740,264,465,1
49182.3,2179.35,14380,2887,1879,1327,1
67500.0,5346.0,21310,3143,220,3419,1
29700.0,2066.85,20119,365243,296,4102,0
45000.0,1982.25,13775,3362,1145,1400,0
54734.4,2410.65,13664,5766,0,7194,1
13500.0,675.0,18654,9914,816,5299,0
13500.0,675.0,12847,927,120,5584,0
39617.1,1918.8,23499,365243,227,6011,0
26955.0,2160.9,13220,689,0,7294,0
128835.0,4169.25,15702,3921,0,3601,1
118512.0,4625.1,14754,897,189,4431,1
44693.1,2186.55,15788,1435,154,2752,0
27000.0,1350.0,14352,935,1134,8440,0
168659.1,4650.75,19192,1226,987,3437,1
45000.0,3020.4,9280,265,576,4156,0
60750.0,7222.5,11779,1032,675,803,1
102429.0,3007.35,21060,12102,644,15191,1
39701.7,2039.85,15450,5352,1035,8090,0
64008.0,3126.15,12005,463,455,3468,1
23850.0,1626.3,10545,881,1649,4594,0
42513.3,3371.85,12564,2128,0,2520,1
18000.0,900.0,8612,1024,813,2012,0
34826.4,3669.75,15302,1942,673,1647,0
64008.0,2997.0,16651,1812,577,10730,0
45000.0,2188.8,13669,3229,1298,2447,0
45000.0,4396.95,19889,3600,420,2044,0
23985.0,2349.45,19558,5378,1413,8423,0
63939.6,2548.8,17918,6222,1936,6043,0
73557.9,4003.2,12778,2020,1438,10387,1
182817.0,6367.5,23211,4607,3261,16970,1
54504.0,2553.75,10550,1435,616,4610,1
27627.75,2034.9,18713,2294,734,8137,0
22500.0,1125.0,14280,4459,482,8204,0
60147.0,3276.0,16745,1802,790,5689,1
102732.75,4365.45,14504,1122,870,880,1
79755.75,2648.7,16235,1536,1776,402,0
49500.0,2475.0,18722,2631,123,10122,0
36000.0,1800.0,21295,5603,851,7533,0
31500.0,1903.5,11562,4326,56,4330,0
87334.2,3107.25,20816,793,602,11291,1
25470.0,2532.15,14317,7517,999,422,0
45000.0,4774.95,14449,2409,1507,8360,0
54504.0,3655.35,11370,635,1560,5384,0
34337.7,2248.65,14475,7646,714,1612,0
54000.0,3015.0,13450,955,486,1489,0
18000.0,918.9,22115,365243,1022,10772,0
77400.0,3012.3,16676,743,472,5554,1
80865.0,2330.55,22129,365243,2237,7601,1
86256.0,2534.85,15213,2830,806,5615,1
67500.0,4924.8,16053,1905,2528,5888,0
112500.0,3289.5,13464,1485,1072,3773,1
48564.0,3813.3,12702,1701,576,2534,1
90000.0,2644.65,11226,2863,3,1170,1
29667.15,782.55,17333,1529,278,655,0
120352.95,5112.0,22833,365243,1015,6655,1
71616.15,5755.05,12662,892,554,6586,0
15282.0,1813.5,14745,2064,1386,8776,0
94230.0,2604.15,16257,2741,1518,1350,1
105129.45,3073.95,15971,3050,2578,3547,0
19492.2,1685.7,22334,1866,244,184,0
88951.5,3164.4,16755,920,1356,2652,1
15638.4,1696.95,9724,233,284,3592,0
155250.0,4282.2,19847,1002,1540,441,1
79083.0,6248.25,10524,920,624,7099,1
45000.0,2250.0,20519,3042,2096,576,0
62553.6,3393.45,12068,422,28,2456,1
128835.0,3780.0,18975,1113,1279,10646,1
67500.0,3674.7,12119,3977,1,5101,1
67950.0,2191.95,11449,1311,1307,4556,0
15300.0,1647.45,15080,5194,1138,7236,0
28425.6,2824.2,20600,674,1006,5389,0
17064.0,1153.35,12934,1403,1820,5617,0
18000.0,900.0,12572,5180,364,2484,0
71491.5,3452.4,8363,282,0,3007,1
45000.0,2943.0,10865,1630,2238,4904,0
83538.0,4032.0,18456,4158,895,10834,1
125640.0,4464.45,13687,393,335,117,1
154602.0,4533.3,12476,3419,0,1959,1
46915.2,1738.35,20551,12650,984,14274,1
60300.0,3284.1,8160,1164,491,3851,1
100692.0,5154.3,16391,466,0,1148,1
72846.0,6694.2,16201,825,0,5648,0
83538.0,3552.3,14465,369,1911,263,1
126442.8,3709.8,16033,2939,64,329,1
134106.75,4829.85,19094,3190,333,4337,1
66009.6,1827.9,11468,2476,1,2899,1
81868.5,8193.15,9027,205,1039,626,1
128835.0,3780.0,19802,1740,1251,11795,1
198450.0,5247.9,10947,314,456,1184,1
55687.05,2112.3,22482,365243,1367,3282,0
40500.0,2025.0,18476,5363,896,7206,0
31500.0,1481.4,18131,1354,1019,2472,0
11851.2,875.25,12498,1908,2369,6629,0
90000.0,2631.6,13245,393,2910,3715,1
25470.0,2493.9,24158,4610,305,6867,0
116466.75,3418.2,17038,525,1445,3709,1
74700.0,2975.4,22271,365243,2454,10475,0
18000.0,1793.25,19771,1441,424,4244,0
12150.0,834.75,12155,598,679,6293,0
22500.0,1754.1,10715,1373,81,507,0
33776.1,1737.45,19385,6567,1303,9726,0
27000.0,1028.25,15229,628,2269,9319,0
5094.0,508.95,22740,365243,1766,12784,0
55396.35,1461.15,16868,687,1351,728,1
28440.0,1645.65,24013,365243,2545,11529,0
22500.0,1804.05,10978,2081,1333,5506,0
91647.0,3259.8,11678,1307,1864,1428,1
32850.0,2608.2,11024,1689,1456,460,0
62932.5,3226.05,14207,7612,552,855,0
78192.0,6177.6,12946,2418,1839,66,1
22500.0,2387.25,19709,1799,182,415,0
51460.2,5026.05,13580,212,1107,1392,0
70083.0,2061.9,20346,1085,1533,6625,1
102692.25,3406.95,9956,1651,209,4591,1
24750.0,945.9,10760,2198,1740,4847,0
78192.0,4254.75,9830,443,2445,4593,1
84874.5,4617.45,16370,1845,842,6574,1
96534.0,10409.4,9927,1667,715,5979,1
34380.0,1309.05,18988,783,653,5816,0
19188.0,2178.0,9241,1541,753,3822,0
26955.0,1475.1,12498,5025,2554,5176,0
88885.8,8894.25,11481,196,2553,4780,1
33750.0,1687.5,18601,1864,1683,5770,0
130381.2,3598.2,15219,3017,1011,5878,1
25470.0,1714.95,24228,365243,1573,529,0
80865.0,2146.05,11977,2699,3,1277,1
78192.0,3299.85,9279,1607,2084,5847,1
67500.0,2493.0,11252,337,30,4402,1
32590.8,1781.1,11858,1514,345,7557,0
80753.4,4135.95,15080,1038,583,9171,1
27504.0,1337.4,11809,1054,97,328,0
26368.65,2452.95,12922,320,1259,1062,0
27871.2,1612.8,21192,321,2360,1437,0
125640.0,4464.45,13687,393,335,117,1
49049.55,3888.45,11112,469,2689,2311,0
75519.0,3868.65,19928,3311,1387,2996,1
154602.0,4430.7,14158,249,3939,6615,1
80865.0,2608.65,15236,1207,0,9223,0
47700.0,2448.45,11955,5189,1247,904,1
45000.0,2369.25,12706,4605,1662,4556,0
43787.7,2248.65,20353,6904,1877,6212,0
36000.0,3793.05,15769,1818,2755,3115,0
20739.6,1651.5,11988,13,968,5620,0
27000.0,1326.15,9825,1454,890,4652,0
29353.5,3161.25,10024,312,208,5972,0
27000.0,1350.0,11028,449,2143,5837,0
91647.0,2430.45,16347,1102,595,3610,1
67538.25,2642.4,13103,1334,341,6141,1
51192.0,1929.6,12620,3286,757,6522,0
47957.85,2461.5,20622,365243,2782,4100,0
11689.2,453.6,20002,11950,189,4995,0
13477.5,971.55,11195,684,769,2482,0
67500.0,5332.95,17322,1858,1254,5288,0
22103.1,1748.7,15628,1687,1532,3002,0
54504.0,2664.0,12492,2444,2062,1465,1
77091.3,2267.1,21191,365243,0,13607,1
90000.0,4500.0,15698,3488,939,6721,0
59400.0,1929.15,20372,365243,422,11248,1
43128.0,2214.9,22358,365243,197,9991,0
31410.0,1176.75,11018,2707,417,1046,0
13500.0,675.0,10324,557,1874,144,0
22752.0,1467.0,14182,909,581,2019,0
115522.65,3830.85,11901,2298,198,428,1
27000.0,1350.0,12284,3650,3282,6381,0
54504.0,3561.75,13944,1404,1091,238,1
45000.0,2188.8,23262,365243,413,5014,0
66009.6,1827.9,11468,2476,1,2899,1
44805.6,2191.95,14422,1294,947,38,0
133988.4,3930.75,14264,758,972,56,1
22500.0,1042.65,17182,3271,919,729,0
26368.65,2852.55,12960,862,633,6862,0
22500.0,1125.0,11778,3105,1245,1262,0
58280.4,3174.75,18171,1671,1316,1650,1
201384.0,5325.3,17520,4754,2233,3999,1
24750.0,1237.5,19487,2259,553,685,0
80865.0,2377.35,13257,581,410,7234,1
59256.0,3227.4,11623,487,14,504,1
94230.0,3474.9,15326,393,696,6,1
34564.5,1624.05,13390,2535,1042,3918,0
47700.0,1379.7,21315,365243,2543,12022,0
22500.0,1125.0,15776,340,636,818,0
31343.85,3053.25,20599,365243,2828,7191,0
55098.0,3694.95,13055,2460,989,4402,1
45000.0,2250.0,18012,1577,14,13,0
121104.9,3554.1,12702,240,1479,6828,1
45000.0,1187.1,13007,3327,2765,1923,0
53959.05,2528.55,14359,876,2438,1250,1
42750.0,2137.5,12112,2516,0,867,0
54504.0,2664.0,11196,3354,294,1720,0
64008.0,2997.0,12895,4943,1689,874,1
59256.0,3227.4,18002,751,1,3494,1
122301.0,5181.75,14131,242,3493,8257,0
33750.0,1736.1,21591,365243,0,8972,0
67500.0,2628.45,16299,655,2096,75,1
128835.0,3766.95,12232,1256,2975,4793,1
45044.1,5358.6,12244,2944,0,6374,0
13500.0,959.85,13599,2066,1681,7727,0
79083.0,5767.65,9939,650,0,132,1
90000.0,9693.0,15229,5751,916,2355,1
52128.0,3163.05,17684,1609,957,1665,0
60147.0,3262.95,19813,3400,739,401,1
69477.3,2842.65,8412,178,85,142,1
54303.75,3045.15,17672,4365,0,1274,1
67500.0,5346.0,12165,289,611,3194,1
31500.0,1600.2,11881,966,32,5776,0
67500.0,3260.25,18205,2163,853,2790,1
45000.0,4846.5,17038,5498,2757,8965,0
81666.0,2647.35,14455,365243,97,79,1
107820.0,3152.25,15643,310,1105,1197,1
27000.0,1350.0,10452,2233,2021,4962,0
57607.2,2698.65,13251,845,0,4294,1
51856.2,2507.85,16324,1557,316,2048,1
67500.0,3375.0,16369,2995,205,2981,1
106632.0,3843.0,14606,3778,2277,8636,1
13753.8,1472.4,13101,2466,0,2555,0
45450.0,1773.9,15071,1996,1083,2473,1
54504.0,2553.75,19638,208,336,4348,1
125640.0,4464.45,10555,1044,0,110,1
22500.0,706.5,17165,6730,1738,5299,0
27861.3,2755.35,19871,478,554,12089,0
86322.6,3670.2,12211,2063,1846,6186,1
45000.0,2201.85,17624,686,1590,1155,0
53910.0,2765.25,17357,8185,189,927,0
43603.2,2515.95,17472,2246,1867,699,0
53910.0,2765.25,19305,3296,2546,4855,1
56249.1,2243.7,19425,12492,1506,11171,0
29008.8,2304.9,16905,2552,1301,10018,0
102474.0,5245.2,10000,2491,34,387,1
64008.0,2983.95,10804,1482,1114,2241,0
59527.35,2895.3,19409,405,384,76,1
50042.7,3398.4,19946,6351,1405,2914,1
135000.0,3725.55,17295,600,310,3949,1
47250.0,2425.5,14096,777,0,1878,1
75519.0,3632.85,17408,1215,755,9106,1
112500.0,3302.55,11284,1706,1153,3990,1
34128.0,2696.4,16220,2453,1798,5739,0
36000.0,2844.0,9128,467,0,1201,0
22500.0,2436.3,9673,2651,963,2747,0
41294.25,4913.55,17267,3257,0,8974,0
49500.0,2475.0,16308,6647,828,9915,0
31566.6,2455.65,13229,1984,2390,7215,0
33831.45,3427.65,9106,431,0,515,0
34128.0,1971.9,15309,7397,2605,5348,0
119034.0,6341.85,23679,2238,1556,6194,1
54504.0,2664.0,12212,853,538,51,1
34337.7,2248.65,14475,7646,714,1612,0
75519.0,3855.6,10953,1351,363,5320,1
77850.0,3029.4,14598,3019,1889,8635,1
94214.25,6295.95,19204,319,258,6238,1
13500.0,675.0,22333,365243,784,4326,0
81000.0,2368.35,15399,961,822,4144,0
70173.0,6849.0,14683,1358,1742,4940,0
81404.1,2393.1,20154,711,0,6414,1
63000.0,2775.15,20024,4623,2842,4755,0
38250.0,2733.3,14658,2326,1368,441,0
38851.2,2562.75,15814,1060,1,1125,0
83538.0,4544.55,13163,2565,521,1866,1
33750.0,1687.5,21658,365243,362,7441,0
64692.0,2086.65,16933,3909,0,3786,1
115522.65,3830.85,11901,2298,198,428,1
48117.6,2469.6,12796,1965,0,224,1
76974.3,6094.35,16912,1187,664,1800,1
25470.0,2519.1,13265,3297,0,1784,0
22500.0,1125.0,21801,319,36,7061,0
67500.0,5332.95,16190,2543,2199,10292,1
27000.0,1350.0,15918,2013,1436,9997,0
27000.0,1350.0,14854,2556,776,1450,0
27000.0,1350.0,15319,4085,1777,5831,0
14220.0,1136.25,13063,2836,1738,2261,0
102474.0,5232.15,17318,3798,2263,2353,1
24727.5,1771.65,24460,17546,0,11354,0
90000.0,4608.45,19816,3152,2004,5269,1
59256.0,3115.35,10545,1403,1247,5371,1
80798.4,3396.6,10814,2421,496,817,1
67500.0,2628.45,23722,848,0,5600,1
53691.75,2741.4,19140,887,11,578,1
100692.0,5154.3,14066,2814,625,8151,1
54504.0,2664.0,12589,369,229,1849,1
107820.0,3833.1,15243,971,1746,9379,1
80798.4,4317.75,23163,365243,0,1505,1
36489.6,3131.55,10014,1714,1071,1149,0
33192.0,1707.75,22237,365243,1460,2999,0
153051.75,4221.9,20220,365243,291,9738,1
56880.0,1513.35,21944,9385,1196,262,0
94230.0,2767.95,21920,1541,9,12290,1
13500.0,1066.5,20376,4323,1703,5869,0
45000.0,4774.95,16974,1272,803,5437,1
21987.0,1135.35,23231,365243,1268,7225,0
58500.0,1689.3,12408,4379,3,124,0
67500.0,2973.15,17676,626,587,7126,1
9450.0,744.3,9983,3112,2095,8364,0
128835.0,3766.95,13424,458,3182,1061,1
22388.4,2363.85,21201,365243,405,12300,0
94858.2,3073.05,14473,2011,155,266,1
45000.0,3495.6,10591,329,2497,915,0
79083.0,6261.3,10254,166,0,2914,1
70173.0,7203.6,14379,1585,942,2180,0
45000.0,2250.0,10639,440,8,49,0
135000.0,5367.15,10330,1371,696,4639,1
24750.0,1237.5,15457,1223,3021,5122,0
45450.0,4440.6,15142,2359,915,2187,0
116672.4,3776.85,12817,746,2066,6703,1
45000.0,2188.8,8873,123,870,738,0
131211.0,5572.35,18406,2260,1340,6018,1
180000.0,6256.8,14914,3320,1074,2723,1
94699.8,5301.0,9809,116,0,4649,1
22500.0,1148.85,14727,865,565,1133,0
5276.7,553.5,10874,1566,0,5569,0
64008.0,3126.15,18296,2214,98,1828,1
45000.0,2201.85,9981,2400,0,4461,0
45000.0,2250.0,22512,365243,402,12729,0
49103.1,3430.35,13462,5575,1804,4583,0
152820.0,5324.85,10486,2887,707,2291,1
109713.15,5614.65,13821,3093,831,310,1
12150.0,1370.7,16814,178,883,4702,0
80865.0,2983.95,14142,625,2073,633,1
139141.8,3683.25,15222,1282,8,2214,1
94342.5,2771.55,14310,4113,29,4074,1
47250.0,2014.65,15894,452,159,8996,1
93830.4,5499.0,12586,227,446,524,1
59256.0,3593.7,16113,2438,1106,4844,1
30146.4,2014.65,10528,3041,0,31,0
67500.0,3375.0,11968,1335,309,4383,0
130500.0,5188.5,17177,922,767,6267,1
22500.0,2400.3,14856,977,512,2312,0
69102.0,2690.55,16166,2292,648,2280,1
107820.0,3478.05,13028,3017,2072,2805,1
69155.1,5476.95,13878,1804,1047,7987,1
49049.55,4670.1,15159,6705,1876,8423,0
13500.0,675.0,19390,1185,229,8882,0
54406.8,2659.05,13189,329,314,3846,1
50249.7,3656.25,9364,1201,747,3600,1
52128.0,2827.8,13998,1747,341,7695,1
131411.7,3854.7,22853,365243,1371,11859,1
26998.2,2920.5,10750,1120,1264,1688,0
22500.0,2436.3,10364,648,199,4822,0
22500.0,1148.85,11368,4096,768,1845,0
63448.2,2059.65,23476,365243,205,1718,1
225000.0,5948.55,16610,6462,4,2569,1
40500.0,2025.0,13833,1079,113,1141,0
22500.0,1521.9,13432,4445,1442,4992,0
22500.0,2076.75,16754,2178,1722,1686,0
23985.0,2846.25,9758,656,627,965,0
35550.0,2388.6,9402,1722,0,3697,0
125640.0,4464.45,15113,562,563,4733,1
196349.4,5192.55,17795,498,1455,1859,1
45000.0,3044.25,10675,2485,1729,2525,1
58500.0,2266.65,9774,408,4,8388,1
90000.0,2644.65,11722,715,488,903,1
67500.0,4142.7,13517,2742,2936,7389,1
53331.3,4288.95,11290,4466,3011,5524,0
76013.1,2191.5,9939,2421,2,1137,1
63488.7,2598.75,12445,2895,497,6069,1
27000.0,1350.0,16232,6594,1621,8821,0
49752.0,3943.8,18546,1749,594,3263,1
24727.5,2268.0,8377,413,742,7471,0
102474.0,5571.9,13832,1911,1230,2058,1
63450.0,2471.4,11933,1914,0,1481,1
44308.8,2275.2,21643,13609,1383,4718,0
27363.6,1674.0,20555,4672,2317,8,0
112500.0,3289.5,10403,1410,726,1784,1
64008.0,3113.1,13445,4208,1747,3164,1
100692.0,4100.85,14582,282,180,8680,1
112500.0,3289.5,14670,889,0,391,1
54000.0,2141.55,21574,12420,1751,7034,0
40659.75,2470.05,9461,637,1134,3648,1
19908.0,1585.8,11940,1209,692,899,0
39801.6,3949.65,15731,939,2192,3178,0
49752.0,3943.8,10633,2643,326,2976,0
31806.9,2742.75,10339,3652,1728,161,0
45450.0,2119.05,23460,365243,1062,2488,0
27861.3,2214.0,14602,7921,0,8406,0
48547.35,5774.4,10454,959,528,6774,1
60750.0,1754.1,13060,749,396,188,0
36000.0,3877.2,12055,2757,2308,3945,0
29250.0,1506.15,23062,365243,924,4618,0
151772.4,5288.4,18336,242,1271,283,1
99000.0,2907.45,15820,2402,1824,8708,1
108221.4,3177.0,21551,612,1099,308,1
96237.0,7208.55,12151,2572,0,3269,1
67500.0,3661.65,11763,1206,1744,5390,0
45000.0,2250.0,11358,1221,600,3023,0
63184.95,5004.9,9799,1977,347,898,1
59256.0,3115.35,9917,1196,740,4589,0
54504.0,4319.1,16260,642,326,8665,1
116466.75,3757.05,22841,365243,421,2810,1
35807.4,1840.95,11805,454,329,5169,0
23985.0,2232.45,20920,365243,3,14977,0
120352.95,5112.0,22833,365243,1015,6655,1
29250.0,1462.5,15064,2985,2703,480,0
66170.25,5241.15,8813,386,888,454,1
67500.0,3459.6,12748,1052,843,476,1
45000.0,4725.45,17912,572,668,574,0
160786.8,5788.35,14234,1191,1927,5652,1
31500.0,1400.4,16158,6952,652,1018,0
39788.1,2034.0,8470,162,448,7515,0
27000.0,1350.0,14932,5100,719,7597,0
45450.0,2537.55,15006,5618,1579,1299,0
27000.0,2133.0,10061,614,407,616,0
53330.4,2906.1,21695,365243,2269,4956,0
129350.25,3794.85,13738,888,403,4223,1
124061.4,4113.0,15939,5122,1615,8281,1
56885.85,2991.15,9185,1931,0,1338,0
36000.0,2844.0,18463,1126,1103,1632,0
53420.4,4233.6,17299,2972,1672,13189,1
36423.0,3353.4,16022,2393,315,713,0
100692.0,5154.3,11140,2370,0,4658,1
54504.0,2664.0,13927,1123,0,8039,0
51963.3,4118.4,15552,3121,2163,2513,0
21906.9,1131.3,19386,3163,1230,330,0
72846.0,4350.6,13385,2318,721,1523,1
26732.25,2156.4,15908,1105,860,2179,0
45783.45,2993.85,9660,2564,0,4070,0
59412.15,3046.5,13614,3856,0,7589,1
11989.35,1435.5,17079,2702,3165,4843,0
35834.4,2305.35,23203,365243,1140,10384,0
109602.0,5285.7,12125,1848,897,975,1
72846.0,5768.55,16962,1171,1018,806,1
28887.3,1050.3,21641,365243,1,10459,0
67500.0,2762.1,11378,2907,114,2526,0
49500.0,3924.0,14597,3869,759,7152,1
107820.0,3491.1,14307,116,427,4925,1
33750.0,1687.5,16508,1624,2436,1301,0
52128.0,2221.65,15455,3425,3356,232,0
27000.0,1350.0,8169,1008,774,2989,0
64008.0,3126.15,16711,215,932,4032,1
42745.05,1895.85,15857,2636,0,5144,1
105129.45,2785.95,10531,860,6,3940,1
56605.5,1838.7,15209,8328,1039,8871,0
68974.2,3534.75,19116,2340,0,9677,1
88609.05,4017.15,14630,1525,2302,1128,1
27000.0,1350.0,18248,2955,297,6584,0
60415.2,2673.9,19746,2406,1257,5123,0
42745.05,3369.6,13201,1298,0,927,0
33994.8,3844.8,8574,1022,221,7191,0
50056.65,3755.7,18171,349,464,1250,1
22276.8,1678.5,16502,2844,531,3397,0
24876.0,2691.9,19450,12654,1525,7193,0
212595.3,7891.65,15292,2833,6,9426,1
177396.3,6178.95,16521,3246,820,5459,1
9950.4,1125.0,10882,506,2639,1257,0
67500.0,2190.6,20393,365243,224,1156,1
63488.7,2598.75,12445,2895,497,6069,1
27000.0,1350.0,14143,1018,436,1732,0
112500.0,4779.45,11205,239,1,4574,1
100287.0,3990.15,14162,2212,1701,120,0
54504.0,2664.0,17047,365243,586,6427,1
76387.05,3913.2,9989,573,0,165,1
56249.1,2718.9,17468,1073,0,1320,1
208512.0,7260.75,20135,270,669,5344,1
27000.0,1350.0,10592,1854,350,4994,0
28897.2,1113.3,17861,460,312,315,0
23985.0,2385.0,13615,3276,880,7698,0
102474.0,4942.8,13696,3760,2597,9,1
83538.0,4032.0,12708,1527,1102,882,1
57340.8,2940.75,18626,1332,1352,9171,1
21564.0,1513.8,15740,1348,697,2387,0
49049.55,3013.65,18841,640,473,4502,0
40500.0,2025.0,15088,1135,463,748,0
24750.0,1342.35,15588,215,472,2533,0
24727.5,1771.65,17137,1952,785,632,0
85500.0,3390.75,22340,365243,2176,6514,1
120545.1,3996.9,18414,731,1684,7722,1
64008.0,3126.15,9936,348,965,1033,1
121500.0,3565.35,9662,2751,207,3394,1
23985.0,2385.0,24759,365243,220,6652,0
84874.5,4617.45,14595,1025,1715,1238,1
100692.0,5154.3,10443,2194,1454,1796,1
75474.0,2447.55,18884,839,0,1695,1
94230.0,3039.75,19906,5072,1856,519,1
75474.0,2785.95,14554,1161,2116,7350,1
54504.0,3128.85,16993,8587,2147,2223,0
90000.0,3188.7,14696,284,1784,817,1
25470.0,1475.1,23903,365243,969,1813,0
40500.0,2025.0,12871,1708,2116,2905,0
79083.0,6261.3,16715,667,845,2552,1
89550.0,2618.1,20286,3558,1147,662,1
90000.0,4500.0,15825,1686,551,6434,1
34200.0,2754.9,12724,5050,2204,361,0
16650.0,1989.0,10314,1390,0,4677,0
34550.55,1315.35,15438,2197,686,3001,0
145658.7,4826.7,17786,6586,1757,6713,1
70893.9,3135.6,16404,1881,1609,7960,1
109602.0,5609.25,11961,1837,248,848,1
75519.0,3212.55,19073,2259,0,11553,1
90000.0,4595.4,16798,8246,2649,2373,0
46915.2,3173.4,9641,515,85,351,0
52128.0,2840.85,19660,1258,939,11699,1
80865.0,2377.35,22300,365243,444,4586,1
13500.0,675.0,11009,2186,114,388,0
36000.0,1800.0,8940,2248,459,8927,0
26064.0,2819.7,12953,1337,311,3353,0
83845.35,4046.85,12946,1060,1855,412,1
67500.0,3459.6,17044,2341,613,2915,1
100287.0,3989.7,23625,1392,1254,9945,1
110217.15,4682.7,8824,1149,60,8805,1
31500.0,1387.35,18948,5785,2276,1054,0
22923.0,2245.95,22139,365243,639,5600,0
35658.0,4244.85,21417,365243,0,15509,0
67500.0,2850.75,12313,220,394,1236,1
59256.0,2623.05,13089,170,0,2571,1
33300.0,2643.75,13336,1436,2653,507,0
52128.0,2840.85,15044,1731,779,862,0
45000.0,2454.3,14995,1510,682,892,0
157453.2,6426.0,19836,418,974,10596,1
54000.0,2700.0,17001,1281,1070,3420,0
36450.0,1990.35,13799,1509,692,911,0
85500.0,4275.0,15586,1213,135,8054,0
27450.0,2213.55,20263,1705,505,8557,0
54504.0,2664.0,10308,1424,539,4347,0
28440.0,1864.35,9941,2774,722,4482,0
25470.0,2532.15,10125,687,503,4795,0
41422.95,2390.85,13553,140,3114,3300,0
150681.6,4992.75,19641,365243,682,8063,1
66742.2,4315.5,11856,259,5,6019,1
27450.0,1847.25,16640,3702,1,7119,0
27000.0,1350.0,10833,1314,1077,986,0
49752.0,5371.2,15719,6414,2703,3582,0
144295.2,4231.8,14380,1501,1156,620,1
80865.0,2608.65,16128,411,0,2431,1
50849.55,2446.2,19540,2001,1991,6016,0
48564.0,4467.15,11622,670,458,5005,1
103950.0,3052.35,19079,2358,1675,4806,1
26955.0,2098.8,12447,740,1355,441,0
59733.9,4359.6,12294,1408,362,5994,1
143685.0,4214.25,19428,191,3332,8364,1
15705.0,814.5,11981,2179,2693,288,0
64045.8,2980.8,18161,692,0,8869,1
67500.0,2973.15,17676,626,587,7126,1
40324.95,1974.15,15007,1503,1282,13889,0
69615.0,2736.9,19536,2955,2471,179,1
18000.0,900.0,8003,424,431,3859,0
75519.0,3855.6,10379,780,371,966,1
83538.0,4032.0,12982,401,0,228,1
13500.0,675.0,14094,365243,258,2035,0
45000.0,2164.95,10234,1330,218,10230,0
74628.0,5909.4,13419,1420,2905,7477,1
106632.0,3843.0,14606,3778,2277,8636,1
20851.2,2202.3,14272,3745,1510,3832,0
45000.0,3568.5,13642,5527,2328,3675,0
86400.0,2539.35,17726,814,1716,17555,1
15750.0,904.05,18398,2495,659,3355,0
51460.2,4849.2,25010,365243,345,6804,0
128835.0,3780.0,16555,2953,1666,9631,1
57362.85,2671.2,13825,2415,1830,5975,1
49752.0,3239.1,12068,1123,709,10676,1
13752.0,531.45,20822,365243,1103,3216,0
15926.4,1166.85,9892,841,1511,4529,0
45000.0,4464.0,17891,1354,374,6188,0
26064.0,2749.95,17841,365243,539,2695,0
29851.2,1726.65,12849,4700,87,4098,0
26488.8,3156.3,14732,1508,1795,556,0
42745.05,3369.6,13201,1298,0,927,0
54504.0,3962.7,16504,365243,1894,4641,0
22500.0,1125.0,10268,336,306,3957,0
9594.0,934.2,14811,461,161,7006,0
107846.1,3577.05,15366,1140,867,2764,1
23985.0,2349.45,21020,365243,669,13159,0
41181.3,2246.85,9501,281,1295,9501,1
25470.0,2532.15,22013,14507,2015,10410,0
30564.0,3144.6,17080,4318,1349,6732,0
48564.0,3826.35,15656,1008,1030,7468,0
26368.65,2620.8,11989,733,2127,5986,0
45000.0,2943.0,12186,2099,850,1362,1
89112.6,4300.2,10187,971,1,2130,1
96957.9,5165.55,16940,4640,1231,8958,1
67500.0,3375.0,16588,9212,1260,2338,0
52128.0,2840.85,8548,138,378,1257,1
102474.0,5571.9,11528,3698,2091,48,1
49053.6,2299.5,8933,616,739,396,0
54988.2,2143.8,18029,365243,613,3707,1
44776.8,3271.05,16022,458,313,3011,0
23978.7,2530.8,15937,4638,2204,2825,0
27000.0,1350.0,13035,4366,521,2309,0
33750.0,2611.8,17770,2725,1771,1094,0
84099.6,2458.8,16229,1764,100,1032,1
57340.8,2771.55,13446,450,2115,7567,0
20376.0,1998.0,25057,365243,1720,1440,0
74130.3,5869.8,12449,1718,852,4252,1
31500.0,1575.0,9299,1193,608,1608,0
76187.25,7000.65,12841,888,713,6952,1
51010.2,3826.8,20242,3873,524,2814,0
45000.0,2201.85,11131,2840,2185,5912,0
67500.0,3375.0,23503,11546,1509,84,1
67500.0,3375.0,21100,365243,301,4067,1
64008.0,3126.15,15291,1643,846,7469,1
22500.0,1779.75,13391,954,631,3338,0
35446.95,2034.9,23460,365243,2695,10191,0
54504.0,2650.95,16074,2426,1794,5137,1
17064.0,992.25,12004,2308,1494,4477,0
76500.0,2249.55,14293,1015,268,14,1
49049.55,2626.2,15989,3129,688,2612,0
115951.5,3403.35,17010,2667,1942,6248,1
59256.0,3227.4,12279,935,1032,3938,1
23850.0,1331.55,19529,11827,0,10872,0
43603.2,1656.45,19677,904,0,6722,0
24876.0,2548.8,13937,4853,489,2664,0
32537.7,3429.45,14059,3531,1318,4691,0
67500.0,5346.0,11979,3815,782,5892,1
74070.0,3126.6,17775,2603,1574,1783,1
53550.0,2494.35,21412,365243,1435,236,1
72846.0,5768.55,12273,1701,1937,1231,1
38404.8,1867.95,11233,2669,19,4138,0
41967.9,1594.8,23027,365243,0,8405,1
59977.8,3266.55,10214,719,1037,4975,1
76500.0,8046.0,11575,2176,601,6264,0
25470.0,1462.05,9888,2479,803,226,0
62932.5,3040.65,11367,797,0,5107,1
52323.75,4146.75,16965,465,361,666,1
48564.0,3906.9,12548,623,245,1782,0
107820.0,3165.3,17525,253,1738,4340,1
79083.0,5767.65,18562,420,0,668,1
75519.0,3855.6,8596,815,1018,3375,1
45000.0,4450.95,13431,750,498,3808,0
67500.0,2177.55,20236,461,1906,7386,1
22752.0,1533.15,18998,365243,1743,11266,0
65953.35,2615.4,21274,2389,1237,2433,1
58500.0,2925.0,12752,3302,1642,9972,1
80865.0,3146.4,16301,796,0,2349,1
90000.0,3188.7,13095,117,79,363,1
45000.0,2454.3,17148,1816,625,796,0
90000.0,4329.9,11776,92,3083,3657,1
28440.0,2259.9,13156,3387,1399,2845,0
54000.0,2700.0,18619,170,690,7513,0
117000.0,4652.55,14317,1932,1492,4662,1
18765.9,1868.85,16812,71,2606,6864,0
18000.0,900.0,11184,2950,2376,4865,0
56249.1,2396.25,14369,122,91,6438,1
6622.2,455.4,22583,365243,305,1098,0
45000.0,2188.8,8545,946,1455,2929,1
129897.0,4678.65,21819,365243,2092,2666,1
9000.0,1015.2,11944,4531,1973,610,0
38250.0,1912.5,16608,1959,1278,7514,0
18962.1,925.2,23469,365243,361,580,0
53234.55,4218.75,21022,1866,0,13575,1
110499.75,3664.8,14086,1956,0,1680,1
38250.0,2600.55,19382,2009,1748,713,0
96114.6,2823.3,14315,3287,0,5748,1
52128.0,2840.85,15933,2232,1842,2978,1
36816.3,3728.7,13345,1624,2099,7440,0
91126.35,3874.05,19097,3066,1959,12978,1
37091.25,2986.65,14341,327,0,252,0
78192.0,4254.75,8918,505,1622,8777,1
80865.0,3133.35,12555,1013,1273,1665,1
128835.0,4169.25,12565,994,703,3062,1
188685.0,5201.55,13402,542,964,350,1
60300.0,4777.2,11801,160,0,1568,1
105726.6,4492.35,19530,2450,1058,4,1
146177.55,7582.05,19420,135,1582,3789,1
111384.0,5700.15,16078,452,1633,2883,1
32590.8,1676.7,19068,3220,0,8438,0
67500.0,3375.0,14622,585,1075,104,1
22500.0,1125.0,16066,1308,409,590,0
36000.0,1850.85,18730,2845,869,1244,0
52128.0,3539.25,14101,762,1898,2497,1
31405.5,1396.35,17884,2844,0,10307,0
52128.0,3539.25,15005,498,1280,4873,1
10425.6,1192.05,13786,3761,497,7090,0
45000.0,3482.55,18135,1957,1787,8699,0
49500.0,5211.0,10622,262,949,2673,0
244793.7,6201.0,16190,2852,1,3677,1
94230.0,2604.15,16257,2741,1518,1350,1
43907.4,2254.95,14386,567,41,8440,0
126258.3,3704.4,14247,135,2264,2883,1
80865.0,2621.7,13729,246,0,7798,1
55098.0,4365.9,17551,751,891,2338,1
45000.0,2250.0,8883,188,0,4,0
107820.0,3152.25,15542,817,663,2595,1
50940.0,3417.3,14882,2041,517,1157,1
14263.2,1705.5,14613,2391,1629,8727,0
70083.0,2273.85,8792,831,2113,8782,1
50849.55,2459.25,15863,1637,0,1345,1
45000.0,2097.9,10351,1139,1120,148,0
25832.25,3065.4,11280,698,254,301,0
45000.0,3495.6,10591,329,2497,915,0
75274.2,5947.2,8821,717,0,1721,1
42300.0,2428.2,21797,1266,318,12842,0
73505.25,3549.15,12997,1447,194,6966,1
77968.8,3763.8,21577,921,169,47,1
67950.0,2191.95,14414,4146,1491,5904,1
31717.8,2384.55,14218,4346,2040,8337,0
107820.0,3833.1,10609,1480,0,2610,1
78192.0,6190.65,9761,1779,253,932,1
84099.6,2471.85,20077,1073,825,6156,1
29925.0,835.65,17590,8785,2267,8380,0
54000.0,2700.0,9842,157,404,2291,0
143685.0,4214.25,23558,365243,1008,300,1
107820.0,3165.3,20791,4814,709,4656,0
75474.0,2785.95,14554,1161,2116,7350,1
44078.4,2830.05,19472,5418,526,9193,0
54734.4,2410.65,20014,365243,1723,4074,1
128835.0,4169.25,11744,2287,1449,5620,1
60147.0,2548.35,12491,1842,873,730,0
15638.4,1696.95,20767,692,197,10595,0
59256.0,3115.35,14839,369,2315,1178,1
17319.6,1170.45,22111,365243,201,11108,0
127192.95,4857.75,17198,1463,1675,736,1
52449.3,5122.35,20077,3301,266,5356,1
75519.0,3855.6,10379,780,371,966,1
108221.4,3177.0,20240,2696,5,7368,0
45000.0,4774.95,11392,1994,1486,3362,0
27000.0,1391.4,13752,167,883,2618,0
123681.6,4002.75,19047,1909,1466,4790,1
63448.2,2471.4,12082,876,256,52,1
75519.0,5659.2,10735,1508,8,4656,0
80865.0,2621.7,19081,2709,869,10495,1
31276.8,1903.05,16601,2091,2347,1272,0
35204.4,1641.15,10001,240,0,4385,0
94858.2,2786.4,9709,556,1922,217,1
116672.4,3424.5,18127,757,2865,9681,1
45000.0,2250.0,14400,425,2573,4427,0
111384.0,6055.2,12258,126,914,6136,1
80865.0,2608.65,15008,887,0,7314,1
57340.8,3039.3,12590,506,1332,247,0
53126.55,2015.55,18271,6250,1614,2381,0
115951.5,3058.65,13407,217,2,1046,1
18000.0,900.0,11853,3214,506,840,0
90000.0,4595.4,13480,738,558,1185,1
32840.55,2348.55,12366,4955,2492,4833,0
65160.0,3547.8,17148,842,770,130,1
67500.0,3375.0,16048,7816,298,1580,0
83538.0,4032.0,13447,2767,0,3239,1
52128.0,3150.0,13160,4257,386,174,1
18000.0,1422.0,14702,3304,63,4728,0
18329.4,881.55,20142,3760,1706,10506,0
17309.25,1600.65,14588,1591,1809,8603,0
64008.0,3126.15,16711,215,932,4032,1
52239.6,4140.45,20776,1149,1250,1287,0
53420.4,3280.95,15077,2116,249,6479,0
54504.0,2664.0,17047,365243,586,6427,1
52649.1,3148.2,12536,3587,1761,6624,0
45450.0,4508.1,13922,3770,1303,1107,0
70650.0,2078.55,15471,5277,1806,7141,0
62553.6,2259.9,17967,6814,18,2456,1
39685.05,1863.0,10061,356,0,4408,0
49752.0,3324.6,13556,1616,734,1872,0
117821.7,3457.8,12659,1269,717,5398,1
25373.7,2745.45,17189,4511,986,6444,0
128835.0,3780.0,19455,6659,1148,918,1
45000.0,3007.35,9802,1735,0,4076,0
36000.0,990.0,15965,1008,399,8038,0
48117.6,2469.6,18196,3499,238,12334,1
64008.0,3113.1,10097,185,0,3657,1
70173.0,7557.3,9961,1904,344,393,1
78192.0,4796.55,16505,2633,1853,2641,1
72979.2,3972.15,9517,495,248,994,1
143685.0,4635.0,11430,237,398,5219,1
112500.0,3302.55,14103,4456,2451,6860,1
111384.0,4732.2,17468,505,603,724,1
18000.0,900.0,8608,528,0,8558,0
54504.0,3655.35,11149,1655,0,524,1
75519.0,3645.9,15582,1820,1743,8265,0
64008.0,2983.95,9559,1434,1414,9211,1
15282.0,1634.4,17393,1597,236,6344,0
9594.0,1007.1,12670,3426,791,2399,0
46800.0,2074.5,22222,365243,0,8986,0
15750.0,787.5,21759,1329,1842,2268,0
47404.8,2433.15,11981,1766,1360,5876,0
90000.0,3188.7,14696,284,1784,817,1
38714.4,3071.7,20046,1336,1226,938,0
87133.5,4739.85,13859,1539,140,2608,1
59256.0,3115.35,14981,4352,233,1033,1
50042.7,3398.4,19946,6351,1405,2914,1
83021.4,2440.35,15675,447,1488,1072,1
94230.0,3052.8,16886,2854,1259,1301,1
107820.0,3491.1,15001,810,2223,7329,1
67500.0,1793.7,9984,583,271,3705,1
79083.0,5754.6,10700,1133,482,1017,1
13500.0,1430.55,9822,3139,1909,4619,0
83538.0,2357.1,21888,8115,1844,4054,1
76552.2,2482.2,17584,1076,0,8116,1
52128.0,2742.3,11523,406,2813,3804,1
59256.0,4021.65,10911,535,0,4382,1
53910.0,2765.25,13048,440,60,724,1
67500.0,6488.1,20231,365243,1043,8669,1
157500.0,4344.3,13700,556,1713,5075,1
74542.95,2690.55,23232,365243,1118,1972,1
49121.1,4558.5,11184,3085,2,804,0
52650.0,2331.9,19992,4364,2156,14119,1
53732.25,3923.1,20866,365243,0,2175,1
81868.5,8193.15,9027,205,1039,626,1
80050.05,3187.8,13204,3875,2007,7194,1
101250.0,5062.5,9211,756,412,3,0
28440.0,875.25,22190,365243,2,12227,0
106632.0,3843.0,17434,603,1269,4504,1
95329.35,6303.15,23053,365243,1533,3645,1
66959.1,2417.85,14621,2638,170,3019,0
80865.0,3133.35,11575,1249,652,2148,1
107820.0,3165.3,12889,2863,0,2661,1
58500.0,2925.0,19628,5251,2311,9014,0
27796.95,1822.5,10024,1796,953,6211,0
45000.0,3621.15,10735,720,493,797,0
107486.1,3375.0,23575,2966,1370,16242,1
215640.0,5930.1,17913,659,0,4656,1
131926.95,4268.7,16167,2025,848,10298,1
64008.0,2997.0,10337,857,0,1053,1
104777.1,3776.4,16291,662,0,680,1
118396.35,3832.2,15541,735,439,8137,1
49752.0,3618.45,12956,1478,369,5153,1
83560.5,2456.1,18338,10982,1989,9944,1
75519.0,3874.05,15816,781,389,391,1
107846.1,3577.05,15366,1140,867,2764,1
67500.0,6421.95,21065,6498,2177,3982,1
59256.0,3038.4,12596,1740,264,465,1
91647.0,2533.05,10941,265,551,214,1
100692.0,5141.25,17907,1473,1995,10418,1
49597.2,2197.8,22187,365243,649,3409,1
33750.0,1687.5,20303,12794,210,14319,0
67500.0,3247.2,19791,5317,1949,8474,0
67050.0,2175.75,10204,2127,476,431,1
52128.0,4192.65,17038,2729,478,1905,1
90000.0,4500.0,23112,1299,1123,7161,0
25470.0,1475.1,14428,3731,1479,3785,0
23243.4,1404.45,15580,432,274,5840,0
100692.0,4563.0,16577,159,862,2007,1
58500.0,2266.65,9774,408,4,8388,1
69750.0,2955.15,10434,2307,0,4632,1
130465.8,3827.7,15925,4430,353,470,1
36000.0,2448.45,16081,1556,2443,72,0
54504.0,2553.75,11102,1574,742,4669,1
45000.0,2369.25,10967,1465,577,5101,0
149448.6,4382.55,18022,2894,0,251,1
80865.0,2621.7,15950,4061,903,7810,1
78192.0,4005.45,13499,3000,1400,4392,0
76500.0,3825.0,14748,309,275,1867,1
54000.0,2700.0,13424,1041,785,3098,1
22500.0,1125.0,19429,3123,845,701,0
113374.8,3249.0,10579,1982,816,4837,1
15750.0,787.5,11469,733,676,3045,0
62100.0,2016.0,22504,14285,1876,7201,1
27477.9,2730.6,21820,365243,39,1394,0
112500.0,3289.5,14055,855,1116,3184,1
22500.0,1498.5,14335,2407,292,6793,0
34110.9,3335.85,19826,1485,2014,6453,0
94230.0,3664.35,11878,697,683,2415,1
73856.7,2726.1,19760,1295,296,2330,1
85489.65,4378.05,16490,2989,277,6477,1
34925.85,2772.45,19198,957,271,9007,0
72778.5,2833.2,16071,4948,1076,8438,1
45000.0,2441.25,10034,1053,1916,4635,1
29250.0,1462.5,18891,527,372,2556,0
40500.0,2025.0,18195,888,505,12236,0
24750.0,1102.95,21568,4007,538,12502,0
18000.0,900.0,10750,953,454,5197,0
17413.2,1704.6,8353,1081,525,4078,0
64008.0,3126.15,12217,2859,0,2641,0
64008.0,2425.95,17837,662,943,1199,1
47963.7,3802.5,9006,1404,139,2946,1
59256.0,3227.4,10714,984,1217,4590,1
90000.0,3826.35,12629,572,889,193,1
20250.0,1306.8,8509,913,679,2717,0
45000.0,5353.65,13187,1533,0,6267,1
49500.0,1930.95,11494,1903,400,5981,0
188685.0,5201.55,14739,812,1396,662,1
31276.8,1696.5,11462,28,396,2463,0
125640.0,3686.4,15306,839,1709,6592,1
36000.0,1333.8,13214,5082,4,2355,0
13500.0,675.0,19569,5523,5,1580,0
24750.0,2338.65,22561,1059,1073,6811,0
33750.0,1687.5,17164,817,2046,11130,0
102474.0,4942.8,8475,446,0,8475,1
107820.0,3491.1,15001,810,2223,7329,1
20250.0,1012.5,22091,7615,0,7361,0
27861.3,1874.7,22627,1608,0,4473,0
67500.0,5346.0,18276,8862,2746,10855,1
100692.0,5154.3,12246,3464,0,6206,1
24259.5,1877.4,13607,5421,1188,1716,0
25470.0,1318.5,11838,184,5,1305,0
67950.0,6632.55,14662,5961,1748,7138,0
27000.0,1350.0,21057,4106,1248,2771,0
67500.0,3375.0,15628,222,539,2914,1
36319.05,2334.15,12118,1056,1409,5599,0
126572.4,4196.25,18851,888,1789,2168,1
75519.0,3645.9,19323,11114,1269,13434,0
90000.0,4500.0,9213,1113,79,3074,1
90661.5,3009.15,11622,3077,525,531,1
29628.0,2169.0,12620,172,3064,1958,0
27000.0,1350.0,9303,1014,433,72,0
9950.4,1044.45,14673,5558,364,8122,0
108505.8,5553.0,17806,1052,442,8314,1
21150.0,2509.65,8684,209,839,6001,0
67500.0,3375.0,15432,488,1504,3224,0
59256.0,2269.8,8472,262,2,4468,1
59256.0,3593.7,8912,1736,11,3356,1
53910.0,2752.2,13640,1422,381,6002,1
52128.0,3163.05,17358,703,826,6037,1
17184.15,1263.15,13687,2890,1988,3971,0
91891.8,3906.45,19137,217,308,4829,1
52128.0,3526.2,10323,3337,429,93,1
26064.0,3105.9,19850,5861,0,8352,0
90000.0,2644.65,16043,9281,1559,9246,1
24750.0,1237.5,15908,4136,236,4257,0
101521.8,6501.15,10594,528,713,4836,1
31566.6,2543.85,13986,4564,967,7665,0
64692.0,2506.5,16957,2401,365,192,1
120695.4,3528.9,21833,263,0,2897,1
52128.0,3539.25,13976,662,1157,7707,0
25470.0,2702.25,13176,4025,0,3209,0
21564.0,1182.6,15928,116,171,5007,0
23985.0,2531.7,12752,992,55,4695,0
34380.0,1309.05,18988,783,653,5816,0
27861.3,1827.0,16814,2177,2584,3063,0
54449.1,1756.35,10332,403,2494,4975,1
47250.0,4854.6,16142,850,540,7,0
24876.0,2611.8,14723,7227,595,1008,0
67926.6,2079.9,19463,2529,159,8834,1
135000.0,6750.0,12590,2287,117,1036,0
107820.0,3152.25,16682,1687,1521,3571,1
30781.8,1368.9,15777,5884,1647,2591,0
59256.0,3227.4,16938,3795,426,10935,1
59256.0,3115.35,15546,1243,0,5478,1
143685.0,4214.25,8322,713,635,2557,1
78192.0,2821.5,18095,11086,664,131,1
111384.0,5371.65,11113,3870,2192,1992,1
13500.0,675.0,15338,365243,315,5041,0
102429.0,3317.4,14258,820,1594,8366,1
39150.0,1837.8,19335,365243,160,6754,0
83560.5,2708.55,22661,365243,0,1813,1
27000.0,1350.0,8977,1105,897,8905,0
43603.2,3457.8,9121,700,585,3629,0
72846.0,7662.6,14182,3122,1931,2901,0
41702.4,2196.45,15714,5116,654,165,0
125640.0,4464.45,14526,7134,594,7224,1
45000.0,2201.85,14585,511,672,8580,0
54504.0,2650.95,16546,2471,4,4004,0
30083.85,3240.0,9068,441,841,494,0
59256.0,3227.4,20955,824,575,2781,1
75519.0,3645.9,15217,6633,1666,6115,1
135000.0,3960.45,13599,2287,1193,6162,1
135450.0,3586.05,15574,1860,1418,8160,1
30711.15,2475.45,15046,1902,782,2972,0
58050.0,2249.1,11928,1320,442,342,1
72846.0,4469.4,11690,1157,694,713,1
112500.0,6007.05,22237,4510,0,479,1
90000.0,4595.4,11364,1086,1674,1312,1
102474.0,5245.2,8407,1024,57,2203,1
43603.2,2851.65,10127,111,130,1724,1
53691.75,2741.4,19140,887,11,578,1
67500.0,2404.35,22460,365243,0,14709,0
27627.75,1977.75,14598,944,1526,2078,0
25373.7,2471.85,23279,365243,1571,12179,0
33004.8,1257.3,15887,4773,249,3984,0
93005.55,4761.9,16734,3459,1826,9256,1
132102.0,3555.45,20922,3298,2270,7006,1
79083.0,6261.3,12618,1895,565,1718,1
81404.1,2393.1,10979,2226,102,6842,1
49500.0,2475.0,10148,2281,0,165,0
176211.0,4648.05,13919,1996,343,1935,1
49182.3,2524.05,19436,6148,965,9229,0
27000.0,1350.0,11503,706,569,4390,0
52128.0,3539.25,10535,3852,2161,1427,1
29851.2,1529.1,23160,365243,2,15033,0
57683.7,1665.9,22788,365243,2012,1400,0
41967.9,2054.25,11622,1973,1520,579,0
38250.0,4119.3,8757,733,471,8737,0
58500.0,3279.6,12566,447,609,4379,0
37811.7,3696.3,10099,2253,1697,69,0
94230.0,2767.95,18561,10787,2305,9975,1
44533.35,4796.1,11129,953,778,848,0
54877.5,5636.25,17315,6744,362,9905,0
27000.0,1757.7,14767,3172,2607,2162,0
22500.0,1125.0,11970,328,1899,5965,0
107820.0,3165.3,17536,4790,1904,1882,1
102474.0,4761.45,18578,3992,628,8427,1
75519.0,3645.9,12576,3648,467,476,1
64008.0,3126.15,10484,622,443,499,1
60200.1,4769.1,10512,143,769,4480,0
87681.6,4489.65,16964,770,0,3997,1
78192.0,4254.75,19289,2250,475,5376,1
112500.0,3642.3,16511,2402,1400,703,1
52128.0,2520.9,21642,7402,413,9313,0
75519.0,3855.6,18253,837,425,4721,1
22500.0,2387.25,12420,2530,2279,4342,0
30564.0,3291.3,14479,378,551,8301,0
32702.4,1925.1,19348,3583,2565,849,0
144295.2,4654.8,13472,1558,901,1569,1
101250.0,5062.5,9211,756,412,3,0
53691.75,2741.4,21316,2730,1203,4723,0
64008.0,3126.15,10092,1911,0,3616,1
74628.0,5430.6,9704,2583,1953,1100,1
11443.05,1185.3,21287,365243,1616,4923,0
53910.0,2208.6,9986,1235,402,1631,1
43974.0,2128.5,11338,4646,0,6158,0
72846.0,3713.4,24586,365243,1396,6197,1
15750.0,787.5,13802,1560,693,1486,0
16810.2,1675.35,20006,7639,0,10636,0
52823.25,4248.0,13479,3324,1784,3144,0
90000.0,3245.85,12524,453,873,193,0
75519.0,3088.8,16948,5883,2570,3553,1
80865.0,2621.7,12248,1140,2099,5896,0
59400.0,3045.6,12195,2592,338,6289,1
38109.6,2559.6,21169,3093,2005,8320,0
16173.0,1163.25,23603,3528,1821,10389,0
67500.0,5346.0,12165,289,611,3194,1
19350.0,1528.65,13512,563,587,7444,0
35451.9,3264.3,10894,3289,1685,252,0
45000.0,3274.2,15362,554,405,7814,1
67500.0,2479.95,16067,8133,1770,9305,1
54000.0,2700.0,14371,362,853,35,0
25470.0,2702.25,10198,2451,1114,4977,0
135000.0,4106.25,11394,2642,7,4886,1
80865.0,3146.4,12868,612,672,9770,1
45000.0,2250.0,22723,699,1562,8809,0
134489.25,3945.15,18900,4202,1771,12749,1
54000.0,2700.0,11560,1928,1,358,0
90000.0,4595.4,17959,365243,507,8178,1
49752.0,3943.8,18546,1749,594,3263,1
23985.0,2531.7,15009,841,1889,957,0
86256.0,2534.85,15213,2830,806,5615,1
112500.0,10959.75,14172,4701,791,3809,0
59256.0,3227.4,11790,274,176,5431,1
74628.0,5443.65,20674,686,2295,3770,0
18000.0,900.0,10670,818,238,2177,0
78192.0,6190.65,11362,882,541,35,1
91647.0,2417.4,15359,7384,4,6032,1
70647.75,5594.85,9996,1501,265,791,1
75384.0,2934.0,16167,960,734,1805,1
49752.0,3252.15,10678,198,202,4595,1
122301.0,5194.8,15548,706,446,7192,1
41479.2,2263.05,11933,213,1961,2132,0
103698.0,3737.7,19141,1646,1881,6076,1
135000.0,4692.6,21314,365243,163,757,1
